{
    "6203c8b2-ea3d-4507-aa10-4724a451b04c": {
        "model": "Lincoln2017MKZ (Apollo 5.0)",
        "name:": "Ego0",
        "obj_color": "Vector(-1, -1, -1)",
        "positionX": -238.323211669922,
        "positionY": 10.1246557235718,
        "positionZ": 461.510803222656,
        "rotationX": 3.79017074010335e-05,
        "rotationY": 303.118255615234,
        "rotationZ": -8.14859777165111e-06,
        "velocityX": -2.03418544231226e-08,
        "velocityY": -2.13310122489929e-05,
        "velocityZ": 8.55296899970881e-09,
        "angularVelocityX": 5.16672606920565e-08,
        "angularVelocityY": 3.96381538703139e-12,
        "angularVelocityZ": 1.45100941040255e-07
    },
    "38dc0f0c-239d-4f89-95fb-68ed887c835c": {
        "model": "Bob",
        "name:": "Pedestrian0",
        "obj_color": "Vector(-1, -1, -1)",
        "positionX": -46.3896331787109,
        "positionY": 10.1379337310791,
        "positionZ": 336.402557373047,
        "rotationX": 0,
        "rotationY": 37.0549392700195,
        "rotationZ": 0,
        "velocityX": 0,
        "velocityY": 0,
        "velocityZ": 0,
        "angularVelocityX": 0,
        "angularVelocityY": 0,
        "angularVelocityZ": 0
    },
    "BoxTruck(Clone)ff059fc3-281c-4d2a-8a9c-9e7a0aab2768": {
        "model": "BoxTruck",
        "name:": "NPC0",
        "obj_color": "Vector(1, 1, 0)",
        "positionX": -149.90608215332,
        "positionY": 9.9765739440918,
        "positionZ": 411.345825195313,
        "rotationX": 0.00640910724177957,
        "rotationY": 306.653411865234,
        "rotationZ": 0.0573723539710045,
        "velocityX": 0,
        "velocityY": 0.00019073486328125,
        "velocityZ": 0,
        "angularVelocityX": -5.83460496272892e-05,
        "angularVelocityY": 0,
        "angularVelocityZ": 0.000326908542774618
    },
    "c5311ced-53d3-4ce1-aa73-0115f5521256": {
        "model": "Bob",
        "name:": "Pedestrian0",
        "obj_color": "Vector(-1, -1, -1)",
        "positionX": -141.769271850586,
        "positionY": 10.1275930404663,
        "positionZ": 386.470458984375,
        "rotationX": 0,
        "rotationY": 159.407165527344,
        "rotationZ": 0,
        "velocityX": 0,
        "velocityY": 0,
        "velocityZ": 0,
        "angularVelocityX": 0,
        "angularVelocityY": 0,
        "angularVelocityZ": 0
    },
    "4ba5e5b5-4241-47c2-9b03-0ffa66fa069c": {
        "model": "Bob",
        "name:": "Pedestrian0",
        "obj_color": "Vector(-1, -1, -1)",
        "positionX": -163.521209716797,
        "positionY": 10.1382465362549,
        "positionZ": 422.575561523438,
        "rotationX": 0,
        "rotationY": 34.0495948791504,
        "rotationZ": 0,
        "velocityX": 0,
        "velocityY": 0,
        "velocityZ": 0,
        "angularVelocityX": 0,
        "angularVelocityY": 0,
        "angularVelocityZ": 0
    },
    "07759356-f8d8-4640-b844-42e2b0903486": {
        "model": "Bob",
        "name:": "Pedestrian0",
        "obj_color": "Vector(-1, -1, -1)",
        "positionX": -176.033493041992,
        "positionY": 10.1278486251831,
        "positionZ": 430.241455078125,
        "rotationX": 0,
        "rotationY": 297.876251220703,
        "rotationZ": 0,
        "velocityX": 0,
        "velocityY": 0,
        "velocityZ": 0,
        "angularVelocityX": 0,
        "angularVelocityY": 0,
        "angularVelocityZ": 0
    },
    "baede677-8015-40de-b9e1-529da4bd18bf": {
        "model": "Bob",
        "name:": "Pedestrian0",
        "obj_color": "Vector(-1, -1, -1)",
        "positionX": -167.123306274414,
        "positionY": 10.1380758285522,
        "positionZ": 425.009643554688,
        "rotationX": -1.49632820023449e-10,
        "rotationY": 34.0747985839844,
        "rotationZ": -4.97758908743484e-12,
        "velocityX": 0,
        "velocityY": 0,
        "velocityZ": 0,
        "angularVelocityX": 0,
        "angularVelocityY": 0,
        "angularVelocityZ": 0
    },
    "775e742d-e41b-460a-bca7-da825de3f1fd": {
        "model": "Bob",
        "name:": "Pedestrian0",
        "obj_color": "Vector(-1, -1, -1)",
        "positionX": -188.100082397461,
        "positionY": 10.1278486251831,
        "positionZ": 437.906677246094,
        "rotationX": 0,
        "rotationY": 201.776138305664,
        "rotationZ": 0,
        "velocityX": 0,
        "velocityY": 0,
        "velocityZ": 0,
        "angularVelocityX": 0,
        "angularVelocityY": 0,
        "angularVelocityZ": 0
    },
    "187e3302-9717-4cae-bf0d-10b880dcef81": {
        "model": "Bob",
        "name:": "Pedestrian0",
        "obj_color": "Vector(-1, -1, -1)",
        "positionX": -237.512420654297,
        "positionY": 10.1409482955933,
        "positionZ": 472.578338623047,
        "rotationX": 0,
        "rotationY": 34.0494155883789,
        "rotationZ": 0,
        "velocityX": 0,
        "velocityY": 0,
        "velocityZ": 0,
        "angularVelocityX": 0,
        "angularVelocityY": 0,
        "angularVelocityZ": 0
    },
    "15f57048-7c21-4cca-887b-b56c91500014": {
        "model": "Bob",
        "name:": "Pedestrian0",
        "obj_color": "Vector(-1, -1, -1)",
        "positionX": -266.323364257813,
        "positionY": 10.1281309127808,
        "positionZ": 480.017150878906,
        "rotationX": 0,
        "rotationY": 217.714630126953,
        "rotationZ": 0,
        "velocityX": 0,
        "velocityY": 0,
        "velocityZ": 0,
        "angularVelocityX": 0,
        "angularVelocityY": 0,
        "angularVelocityZ": 0
    },
    "d6a12173-e903-4a97-bd33-a8faf5485e82": {
        "model": "Bob",
        "name:": "Pedestrian0",
        "obj_color": "Vector(-1, -1, -1)",
        "positionX": -259.270294189453,
        "positionY": 10.1278486251831,
        "positionZ": 489.640380859375,
        "rotationX": 0,
        "rotationY": 216.811920166016,
        "rotationZ": 0,
        "velocityX": 0,
        "velocityY": 0,
        "velocityZ": 0,
        "angularVelocityX": 0,
        "angularVelocityY": 0,
        "angularVelocityZ": 0
    },
    "worldEffect": {
        "rain": 0,
        "fog": 0.200000002980232,
        "wetness": 0,
        "time": 12
    }
}