{
    "eb4adf45-a5b0-4a6c-b20e-02bf54b8f6f9": {
        "model": "Lincoln2017MKZ (Apollo 5.0)",
        "name:": "Ego0",
        "obj_color": "Vector(-1, -1, -1)",
        "positionX": -252.463516235352,
        "positionY": 10.1234741210938,
        "positionZ": 190.618240356445,
        "rotationX": 359.983337402344,
        "rotationY": 84.5651779174805,
        "rotationZ": 359.969787597656,
        "velocityX": 8.87395191192627,
        "velocityY": 0.000337086617946625,
        "velocityZ": 0.85319995880127,
        "angularVelocityX": -0.000367112865205854,
        "angularVelocityY": -0.0168791636824608,
        "angularVelocityZ": -0.000207307981327176
    },
    "cb41b6c5-3916-48c7-b9ba-f78b33c0a5cf": {
        "model": "Bob",
        "name:": "Pedestrian0",
        "obj_color": "Vector(-1, -1, -1)",
        "positionX": -450.299621582031,
        "positionY": 10.1278505325317,
        "positionZ": 195.341949462891,
        "rotationX": 0,
        "rotationY": 42.2249794006348,
        "rotationZ": 0,
        "velocityX": 0,
        "velocityY": 0,
        "velocityZ": 0,
        "angularVelocityX": 0,
        "angularVelocityY": 0,
        "angularVelocityZ": 0
    },
    "32f0e85d-6e4f-4ab4-8ced-91bb7d9b7b6b": {
        "model": "Bob",
        "name:": "Pedestrian0",
        "obj_color": "Vector(-1, -1, -1)",
        "positionX": -379.599853515625,
        "positionY": 10.1278486251831,
        "positionZ": 188.565979003906,
        "rotationX": 1.39838803388193e-17,
        "rotationY": 259.494995117188,
        "rotationZ": 3.78374018139355e-17,
        "velocityX": 0,
        "velocityY": 0,
        "velocityZ": 0,
        "angularVelocityX": 0,
        "angularVelocityY": 0,
        "angularVelocityZ": 0
    },
    "b310179e-60f6-41ea-ad66-da63f2a80199": {
        "model": "Bob",
        "name:": "Pedestrian0",
        "obj_color": "Vector(-1, -1, -1)",
        "positionX": -274.845306396484,
        "positionY": 10.1307601928711,
        "positionZ": 188.007720947266,
        "rotationX": 0,
        "rotationY": 239.520660400391,
        "rotationZ": 0,
        "velocityX": 0,
        "velocityY": 0,
        "velocityZ": 0,
        "angularVelocityX": 0,
        "angularVelocityY": 0,
        "angularVelocityZ": 0
    },
    "worldEffect": {
        "rain": 0,
        "fog": 0,
        "wetness": 0,
        "time": 12
    }
}