{
    "6203c8b2-ea3d-4507-aa10-4724a451b04c": {
        "model": "Lincoln2017MKZ (Apollo 5.0)",
        "name:": "Ego0",
        "obj_color": "Vector(-1, -1, -1)",
        "positionX": -238.323211669922,
        "positionY": 10.1246566772461,
        "positionZ": 461.510803222656,
        "rotationX": 3.3781943784561e-05,
        "rotationY": 303.117919921875,
        "rotationZ": -2.193821092078e-05,
        "velocityX": -1.63689009013979e-08,
        "velocityY": -3.97264957427979e-05,
        "velocityZ": 5.33317390249977e-08,
        "angularVelocityX": 3.89274561030106e-07,
        "angularVelocityY": -3.0937155615085e-11,
        "angularVelocityZ": 9.82464527510274e-08
    },
    "38dc0f0c-239d-4f89-95fb-68ed887c835c": {
        "model": "Bob",
        "name:": "Pedestrian0",
        "obj_color": "Vector(-1, -1, -1)",
        "positionX": -46.3896331787109,
        "positionY": 10.1379337310791,
        "positionZ": 336.402557373047,
        "rotationX": 0,
        "rotationY": 37.0549392700195,
        "rotationZ": 0,
        "velocityX": 0,
        "velocityY": 0,
        "velocityZ": 0,
        "angularVelocityX": 0,
        "angularVelocityY": 0,
        "angularVelocityZ": 0
    },
    "BoxTruck(Clone)ff059fc3-281c-4d2a-8a9c-9e7a0aab2768": {
        "model": "BoxTruck",
        "name:": "NPC0",
        "obj_color": "Vector(1, 1, 0)",
        "positionX": -149.90608215332,
        "positionY": 9.9765739440918,
        "positionZ": 411.345825195313,
        "rotationX": 0.00640910724177957,
        "rotationY": 306.653411865234,
        "rotationZ": 0.0573723539710045,
        "velocityX": 0,
        "velocityY": 0.00019073486328125,
        "velocityZ": 0,
        "angularVelocityX": -5.83460496272892e-05,
        "angularVelocityY": 0,
        "angularVelocityZ": 0.000326908542774618
    },
    "c5311ced-53d3-4ce1-aa73-0115f5521256": {
        "model": "Bob",
        "name:": "Pedestrian0",
        "obj_color": "Vector(-1, -1, -1)",
        "positionX": -143.915908813477,
        "positionY": 10.1278486251831,
        "positionZ": 392.077789306641,
        "rotationX": 0,
        "rotationY": 150.922485351563,
        "rotationZ": 0,
        "velocityX": 0,
        "velocityY": 0,
        "velocityZ": 0,
        "angularVelocityX": 0,
        "angularVelocityY": 0,
        "angularVelocityZ": 0
    },
    "4ba5e5b5-4241-47c2-9b03-0ffa66fa069c": {
        "model": "Bob",
        "name:": "Pedestrian0",
        "obj_color": "Vector(-1, -1, -1)",
        "positionX": -163.521697998047,
        "positionY": 10.1360101699829,
        "positionZ": 422.574768066406,
        "rotationX": 0,
        "rotationY": 34.0491065979004,
        "rotationZ": 0,
        "velocityX": 0,
        "velocityY": 0,
        "velocityZ": 0,
        "angularVelocityX": 0,
        "angularVelocityY": 0,
        "angularVelocityZ": 0
    },
    "07759356-f8d8-4640-b844-42e2b0903486": {
        "model": "Bob",
        "name:": "Pedestrian0",
        "obj_color": "Vector(-1, -1, -1)",
        "positionX": -175.917495727539,
        "positionY": 10.1278486251831,
        "positionZ": 430.244323730469,
        "rotationX": 0,
        "rotationY": 246.571594238281,
        "rotationZ": 0,
        "velocityX": 0,
        "velocityY": 0,
        "velocityZ": 0,
        "angularVelocityX": 0,
        "angularVelocityY": 0,
        "angularVelocityZ": 0
    },
    "baede677-8015-40de-b9e1-529da4bd18bf": {
        "model": "Bob",
        "name:": "Pedestrian0",
        "obj_color": "Vector(-1, -1, -1)",
        "positionX": -167.123748779297,
        "positionY": 10.1380891799927,
        "positionZ": 425.009979248047,
        "rotationX": 0,
        "rotationY": 34.0916213989258,
        "rotationZ": 0,
        "velocityX": 0,
        "velocityY": 0,
        "velocityZ": 0,
        "angularVelocityX": 0,
        "angularVelocityY": 0,
        "angularVelocityZ": 0
    },
    "775e742d-e41b-460a-bca7-da825de3f1fd": {
        "model": "Bob",
        "name:": "Pedestrian0",
        "obj_color": "Vector(-1, -1, -1)",
        "positionX": -188.139083862305,
        "positionY": 10.1278486251831,
        "positionZ": 438.011108398438,
        "rotationX": 0,
        "rotationY": 126.572357177734,
        "rotationZ": 0,
        "velocityX": 0,
        "velocityY": 0,
        "velocityZ": 0,
        "angularVelocityX": 0,
        "angularVelocityY": 0,
        "angularVelocityZ": 0
    },
    "187e3302-9717-4cae-bf0d-10b880dcef81": {
        "model": "Bob",
        "name:": "Pedestrian0",
        "obj_color": "Vector(-1, -1, -1)",
        "positionX": -237.512145996094,
        "positionY": 10.1423997879028,
        "positionZ": 472.578796386719,
        "rotationX": 0,
        "rotationY": 34.0505485534668,
        "rotationZ": 0,
        "velocityX": 0,
        "velocityY": 0,
        "velocityZ": 0,
        "angularVelocityX": 0,
        "angularVelocityY": 0,
        "angularVelocityZ": 0
    },
    "15f57048-7c21-4cca-887b-b56c91500014": {
        "model": "Bob",
        "name:": "Pedestrian0",
        "obj_color": "Vector(-1, -1, -1)",
        "positionX": -262.859161376953,
        "positionY": 10.1278486251831,
        "positionZ": 484.824829101563,
        "rotationX": 0,
        "rotationY": 216.751266479492,
        "rotationZ": 0,
        "velocityX": 0,
        "velocityY": 0,
        "velocityZ": 0,
        "angularVelocityX": 0,
        "angularVelocityY": 0,
        "angularVelocityZ": 0
    },
    "worldEffect": {
        "rain": 0,
        "fog": 0.200000002980232,
        "wetness": 0,
        "time": 12
    }
}