{
    "a755523f-0563-4573-9f41-8ef335f54fef": {
        "model": "Lincoln2017MKZ (Apollo 5.0)",
        "name:": "Ego0",
        "obj_color": "Vector(-1, -1, -1)",
        "positionX": -434.206665039063,
        "positionY": 10.1246557235718,
        "positionZ": 226.656143188477,
        "rotationX": 3.73748989659362e-05,
        "rotationY": 210.66438293457,
        "rotationZ": -2.00776703422889e-05,
        "velocityX": 4.49847199490705e-08,
        "velocityY": -2.93180346488953e-05,
        "velocityZ": -9.45439921906654e-08,
        "angularVelocityX": -6.99193549280608e-07,
        "angularVelocityY": -1.14836473663615e-11,
        "angularVelocityZ": -3.89856325000437e-07
    },
    "Sedan(Clone)7822a362-ae6b-4caf-b250-85350a9cee00": {
        "model": "Sedan",
        "name:": "NPC0",
        "obj_color": "Vector(1, 1, 0)",
        "positionX": -283.765380859375,
        "positionY": 10.1157369613647,
        "positionZ": 452.956146240234,
        "rotationX": -0.000602579850237817,
        "rotationY": 215.478408813477,
        "rotationZ": 1.33351306885743e-06,
        "velocityX": -6.28662109375,
        "velocityY": 9.5367431640625e-05,
        "velocityZ": -8.795166015625,
        "angularVelocityX": 7.21706271633593e-07,
        "angularVelocityY": -0.0470047928392887,
        "angularVelocityZ": -0.000196568027604371
    },
    "Sedan(Clone)a535f1b9-38d8-4f0d-ba1c-a5e192d5f479": {
        "model": "Sedan",
        "name:": "NPC1",
        "obj_color": "Vector(1, 1, 0)",
        "positionX": -376.041595458984,
        "positionY": 10.1157999038696,
        "positionZ": 303.307373046875,
        "rotationX": 0.00153922592289746,
        "rotationY": 213.712280273438,
        "rotationZ": 359.981353759766,
        "velocityX": -0.0030517578125,
        "velocityY": -0.00123977661132813,
        "velocityZ": -0.006103515625,
        "angularVelocityX": 0.000769714068155736,
        "angularVelocityY": 2.66316110355547e-05,
        "angularVelocityZ": 0.0021305289119482
    },
    "Sedan(Clone)dd2cebca-02fa-4ddc-9ea7-9a323cf921d9": {
        "model": "Sedan",
        "name:": "NPC2",
        "obj_color": "Vector(1, 1, 0)",
        "positionX": -298.041656494141,
        "positionY": 10.1157369613647,
        "positionZ": 415.857391357422,
        "rotationX": -0.00059911236166954,
        "rotationY": 222.238708496094,
        "rotationZ": -3.83439896722848e-07,
        "velocityX": -17.93212890625,
        "velocityY": 0.00104904174804688,
        "velocityZ": -19.8822021484375,
        "angularVelocityX": 0.00434155715629458,
        "angularVelocityY": -0.117472037672997,
        "angularVelocityZ": -0.00660463934764266
    },
    "Sedan(Clone)e5f38d9c-1577-4a9c-b489-3189a1b33da9": {
        "model": "Sedan",
        "name:": "NPC3",
        "obj_color": "Vector(1, 1, 0)",
        "positionX": -229.712493896484,
        "positionY": 10.2213478088379,
        "positionZ": 337.745056152344,
        "rotationX": 359.980987548828,
        "rotationY": 123.057304382324,
        "rotationZ": 350.631469726563,
        "velocityX": -10.5743408203125,
        "velocityY": -0.475978851318359,
        "velocityZ": 2.960205078125,
        "angularVelocityX": 0.383335411548615,
        "angularVelocityY": -0.169856414198875,
        "angularVelocityZ": 0.443363040685654
    },
    "SUV(Clone)5785b19e-5496-4529-807c-4afcdce78fc0": {
        "model": "SUV",
        "name:": "NPC4",
        "obj_color": "Vector(1, 1, 0)",
        "positionX": -337.703460693359,
        "positionY": 10.0936698913574,
        "positionZ": 370.287811279297,
        "rotationX": -0.000527299242094159,
        "rotationY": 214.830993652344,
        "rotationZ": 1.51142012327909e-05,
        "velocityX": 8652.5732421875,
        "velocityY": -0.0189781188964844,
        "velocityZ": 12384.8701171875,
        "angularVelocityX": -0.135694354772568,
        "angularVelocityY": 0.109802134335041,
        "angularVelocityZ": -0.000262321438640356
    },
    "Sedan(Clone)666c8325-4ca6-43de-a468-36ec2f0b9249": {
        "model": "Sedan",
        "name:": "NPC5",
        "obj_color": "Vector(1, 1, 0)",
        "positionX": -476.824371337891,
        "positionY": 10.3301525115967,
        "positionZ": 120.626480102539,
        "rotationX": 0.338169246912003,
        "rotationY": 182.088623046875,
        "rotationZ": 359.919158935547,
        "velocityX": 1.0589599609375,
        "velocityY": 0.00896453857421875,
        "velocityZ": -0.040435791015625,
        "angularVelocityX": 0.0060802255757153,
        "angularVelocityY": 0.645976364612579,
        "angularVelocityZ": 0.0841558873653412
    },
    "Sedan(Clone)9af21387-b418-4f5a-976e-62b4779b9b54": {
        "model": "Sedan",
        "name:": "NPC6",
        "obj_color": "Vector(1, 1, 0)",
        "positionX": -473.591430664063,
        "positionY": 11.7985057830811,
        "positionZ": 138.464263916016,
        "rotationX": 345.548583984375,
        "rotationY": 178.791137695313,
        "rotationZ": 103.634590148926,
        "velocityX": -9.8297119140625,
        "velocityY": 0.598526000976563,
        "velocityZ": 4.66766357421875,
        "angularVelocityX": -0.37604832649231,
        "angularVelocityY": -14.2619733810425,
        "angularVelocityZ": -6.97761535644531
    },
    "Sedan(Clone)d2e6905f-4151-4aa4-b7bb-8312c81643b6": {
        "model": "Sedan",
        "name:": "NPC7",
        "obj_color": "Vector(1, 1, 0)",
        "positionX": -421.65771484375,
        "positionY": 10.3355617523193,
        "positionZ": 173.598602294922,
        "rotationX": 359.836853027344,
        "rotationY": 182.458953857422,
        "rotationZ": 0.0362871550023556,
        "velocityX": 1.1260986328125,
        "velocityY": 0.000762939453125,
        "velocityZ": -0.0457763671875,
        "angularVelocityX": 0.00117179087828845,
        "angularVelocityY": 0.209244564175606,
        "angularVelocityZ": 0.000219044348341413
    },
    "Sedan(Clone)ea40b31c-fdf7-4dcb-9caa-bf0177bd39e4": {
        "model": "Sedan",
        "name:": "NPC8",
        "obj_color": "Vector(1, 1, 0)",
        "positionX": -389.803283691406,
        "positionY": 10.1715955734253,
        "positionZ": 200.451721191406,
        "rotationX": 2.12505102157593,
        "rotationY": 124.95824432373,
        "rotationZ": 358.229248046875,
        "velocityX": -5.975341796875,
        "velocityY": 0.9307861328125,
        "velocityZ": -19.4747924804688,
        "angularVelocityX": 1.20909512042999,
        "angularVelocityY": 7.64292621612549,
        "angularVelocityZ": 3.11003947257996
    },
    "Sedan(Clone)2c3baf6b-3a4a-4463-a0c5-24903ce93500": {
        "model": "Sedan",
        "name:": "NPC9",
        "obj_color": "Vector(1, 1, 0)",
        "positionX": -396.359222412109,
        "positionY": 10.3341541290283,
        "positionZ": 185.022811889648,
        "rotationX": 355.847961425781,
        "rotationY": 116.90860748291,
        "rotationZ": 4.5766863822937,
        "velocityX": 0,
        "velocityY": -9.5367431640625e-05,
        "velocityZ": 0.00152587890625,
        "angularVelocityX": -0.000106526444142219,
        "angularVelocityY": -2.66316110355547e-05,
        "angularVelocityZ": -0.00133158056996763
    },
    "Sedan(Clone)0e661076-718d-441c-a610-4bf43c52f073": {
        "model": "Sedan",
        "name:": "NPC10",
        "obj_color": "Vector(1, 1, 0)",
        "positionX": -378.199859619141,
        "positionY": 10.1157646179199,
        "positionZ": 191.655822753906,
        "rotationX": 0.0214634798467159,
        "rotationY": 91.142936706543,
        "rotationZ": -6.70595773044624e-06,
        "velocityX": 15.6341552734375,
        "velocityY": 9.5367431640625e-05,
        "velocityZ": -0.31280517578125,