{
    "05a15be0-bd42-4531-9e9d-1eff0b6a8a11": {
        "model": "Lincoln2017MKZ (Apollo 5.0)",
        "name:": "Ego0",
        "obj_color": "Vector(-1, -1, -1)",
        "positionX": -434.006011962891,
        "positionY": 10.1246557235718,
        "positionZ": 226.843338012695,
        "rotationX": 4.35379515693057e-05,
        "rotationY": 210.638000488281,
        "rotationZ": -1.83649426617194e-05,
        "velocityX": -7.55180096234653e-09,
        "velocityY": 3.99425625801086e-05,
        "velocityZ": -9.13075925979001e-09,
        "angularVelocityX": -6.04524856839816e-08,
        "angularVelocityY": -1.60621169142949e-12,
        "angularVelocityZ": 5.63837581069038e-08
    },
    "bd4fd13e-b5e8-4617-b63c-9ce8ef3ece64": {
        "model": "Bob",
        "name:": "Pedestrian0",
        "obj_color": "Vector(-1, -1, -1)",
        "positionX": -242.989837646484,
        "positionY": 10.1278486251831,
        "positionZ": 471.726745605469,
        "rotationX": 0,
        "rotationY": 340.504699707031,
        "rotationZ": 0,
        "velocityX": 0,
        "velocityY": 0,
        "velocityZ": 0,
        "angularVelocityX": 0,
        "angularVelocityY": 0,
        "angularVelocityZ": 0
    },
    "1190aff8-b0b7-4b8d-9f5d-cbc958cdb80a": {
        "model": "Bob",
        "name:": "Pedestrian0",
        "obj_color": "Vector(-1, -1, -1)",
        "positionX": -306.929382324219,
        "positionY": 10.1278486251831,
        "positionZ": 407.772521972656,
        "rotationX": 0,
        "rotationY": 220.615493774414,
        "rotationZ": 0,
        "velocityX": 0,
        "velocityY": 0,
        "velocityZ": 0,
        "angularVelocityX": 0,
        "angularVelocityY": 0,
        "angularVelocityZ": 0
    },
    "d83c65d1-ba74-4c13-accc-ba6d3162ff1e": {
        "model": "Bob",
        "name:": "Pedestrian0",
        "obj_color": "Vector(-1, -1, -1)",
        "positionX": -323.048309326172,
        "positionY": 10.1314144134521,
        "positionZ": 374.801147460938,
        "rotationX": 0,
        "rotationY": 106.878562927246,
        "rotationZ": 0,
        "velocityX": 0,
        "velocityY": 0,
        "velocityZ": 0,
        "angularVelocityX": 0,
        "angularVelocityY": 0,
        "angularVelocityZ": 0
    },
    "e400be05-ddbc-4077-a170-2cdd01717a37": {
        "model": "Bob",
        "name:": "Pedestrian0",
        "obj_color": "Vector(-1, -1, -1)",
        "positionX": -400.431945800781,
        "positionY": 10.1278486251831,
        "positionZ": 279.684173583984,
        "rotationX": 0,
        "rotationY": 2.94113206863403,
        "rotationZ": 0,
        "velocityX": 0,
        "velocityY": 0,
        "velocityZ": 0,
        "angularVelocityX": 0,
        "angularVelocityY": 0,
        "angularVelocityZ": 0
    },
    "b7580ef3-6a8a-4e9d-b483-5f968941ed4f": {
        "model": "Bob",
        "name:": "Pedestrian0",
        "obj_color": "Vector(-1, -1, -1)",
        "positionX": -406.659881591797,
        "positionY": 10.1283388137817,
        "positionZ": 259.656158447266,
        "rotationX": -2.85293936030939e-07,
        "rotationY": 38.7093544006348,
        "rotationZ": -4.26828483668373e-09,
        "velocityX": 0,
        "velocityY": 0,
        "velocityZ": 0,
        "angularVelocityX": 0,
        "angularVelocityY": 0,
        "angularVelocityZ": 0
    },
    "59508bcb-2886-4ac5-966b-e24bc9c00abb": {
        "model": "Bob",
        "name:": "Pedestrian0",
        "obj_color": "Vector(-1, -1, -1)",
        "positionX": -453.294677734375,
        "positionY": 10.1328840255737,
        "positionZ": 212.643859863281,
        "rotationX": 1.7724464257407e-11,
        "rotationY": 12.6879072189331,
        "rotationZ": 1.74010666986746e-10,
        "velocityX": 0,
        "velocityY": 0,
        "velocityZ": 0,
        "angularVelocityX": 0,
        "angularVelocityY": 0,
        "angularVelocityZ": 0
    },
    "ade8c41a-4986-401b-b3c0-5b7e71395351": {
        "model": "Bob",
        "name:": "Pedestrian0",
        "obj_color": "Vector(-1, -1, -1)",
        "positionX": -458.408843994141,
        "positionY": 10.1339416503906,
        "positionZ": 204.088729858398,
        "rotationX": 0,
        "rotationY": 29.8461208343506,
        "rotationZ": 0,
        "velocityX": 0,
        "velocityY": 0,
        "velocityZ": 0,
        "angularVelocityX": 0,
        "angularVelocityY": 0,
        "angularVelocityZ": 0
    },
    "b0443844-511e-4043-a369-911cd50e27c5": {
        "model": "Bob",
        "name:": "Pedestrian0",
        "obj_color": "Vector(-1, -1, -1)",
        "positionX": -465.167572021484,
        "positionY": 10.1380777359009,
        "positionZ": 203.540252685547,
        "rotationX": 0,
        "rotationY": 0.0676324442028999,
        "rotationZ": 0,
        "velocityX": 0,
        "velocityY": 0,
        "velocityZ": 0,
        "angularVelocityX": 0,
        "angularVelocityY": 0,
        "angularVelocityZ": 0
    },
    "54c30a03-2d3e-4ede-b8f3-2cb37df189f6": {
        "model": "Bob",
        "name:": "Pedestrian0",
        "obj_color": "Vector(-1, -1, -1)",
        "positionX": -469.413665771484,
        "positionY": 10.1278486251831,
        "positionZ": 199.704895019531,
        "rotationX": 0,
        "rotationY": 1.13655233383179,
        "rotationZ": 0,
        "velocityX": 0,
        "velocityY": 0,
        "velocityZ": 0,
        "angularVelocityX": 0,
        "angularVelocityY": 0,
        "angularVelocityZ": 0
    },
    "worldEffect": {
        "rain": 0,
        "fog": 0,
        "wetness": 0,
        "time": 12
    }
}