{
    "05a15be0-bd42-4531-9e9d-1eff0b6a8a11": {
        "model": "Lincoln2017MKZ (Apollo 5.0)",
        "name:": "Ego0",
        "obj_color": "Vector(-1, -1, -1)",
        "positionX": -434.006011962891,
        "positionY": 10.1246557235718,
        "positionZ": 226.843338012695,
        "rotationX": 3.6160974559607e-05,
        "rotationY": 210.637985229492,
        "rotationZ": -1.7287378796027e-05,
        "velocityX": -2.29952989982962e-09,
        "velocityY": 3.69250774383545e-05,
        "velocityZ": -5.39307443148118e-08,
        "angularVelocityX": -3.85937340752207e-07,
        "angularVelocityY": -5.19741194526802e-12,
        "angularVelocityZ": -7.74615660503741e-09
    },
    "bd4fd13e-b5e8-4617-b63c-9ce8ef3ece64": {
        "model": "Bob",
        "name:": "Pedestrian0",
        "obj_color": "Vector(-1, -1, -1)",
        "positionX": -243.252471923828,
        "positionY": 10.1278486251831,
        "positionZ": 471.63916015625,
        "rotationX": 0,
        "rotationY": 147.039337158203,
        "rotationZ": 0,
        "velocityX": 0,
        "velocityY": 0,
        "velocityZ": 0,
        "angularVelocityX": 0,
        "angularVelocityY": 0,
        "angularVelocityZ": 0
    },
    "1190aff8-b0b7-4b8d-9f5d-cbc958cdb80a": {
        "model": "Bob",
        "name:": "Pedestrian0",
        "obj_color": "Vector(-1, -1, -1)",
        "positionX": -306.764099121094,
        "positionY": 10.1278486251831,
        "positionZ": 407.583801269531,
        "rotationX": 0,
        "rotationY": 42.2275276184082,
        "rotationZ": 0,
        "velocityX": 0,
        "velocityY": 0,
        "velocityZ": 0,
        "angularVelocityX": 0,
        "angularVelocityY": 0,
        "angularVelocityZ": 0
    },
    "d83c65d1-ba74-4c13-accc-ba6d3162ff1e": {
        "model": "Bob",
        "name:": "Pedestrian0",
        "obj_color": "Vector(-1, -1, -1)",
        "positionX": -323.049377441406,
        "positionY": 10.1298036575317,
        "positionZ": 374.800628662109,
        "rotationX": 0,
        "rotationY": 106.889038085938,
        "rotationZ": 0,
        "velocityX": 0,
        "velocityY": 0,
        "velocityZ": 0,
        "angularVelocityX": 0,
        "angularVelocityY": 0,
        "angularVelocityZ": 0
    },
    "e400be05-ddbc-4077-a170-2cdd01717a37": {
        "model": "Bob",
        "name:": "Pedestrian0",
        "obj_color": "Vector(-1, -1, -1)",
        "positionX": -400.71435546875,
        "positionY": 10.1278486251831,
        "positionZ": 279.671173095703,
        "rotationX": 0,
        "rotationY": 165.57341003418,
        "rotationZ": 0,
        "velocityX": 0,
        "velocityY": 0,
        "velocityZ": 0,
        "angularVelocityX": 0,
        "angularVelocityY": 0,
        "angularVelocityZ": 0
    },
    "b7580ef3-6a8a-4e9d-b483-5f968941ed4f": {
        "model": "Bob",
        "name:": "Pedestrian0",
        "obj_color": "Vector(-1, -1, -1)",
        "positionX": -417.257568359375,
        "positionY": 10.1280126571655,
        "positionZ": 243.081466674805,
        "rotationX": 0,
        "rotationY": 32.9739418029785,
        "rotationZ": 0,
        "velocityX": 0,
        "velocityY": 0,
        "velocityZ": 0,
        "angularVelocityX": 0,
        "angularVelocityY": 0,
        "angularVelocityZ": 0
    },
    "59508bcb-2886-4ac5-966b-e24bc9c00abb": {
        "model": "Bob",
        "name:": "Pedestrian0",
        "obj_color": "Vector(-1, -1, -1)",
        "positionX": -465.167572021484,
        "positionY": 10.1380777359009,
        "positionZ": 203.540252685547,
        "rotationX": 1.62884671028873e-11,
        "rotationY": 0.066685862839222,
        "rotationZ": -2.60456291950595e-11,
        "velocityX": 0,
        "velocityY": 0,
        "velocityZ": 0,
        "angularVelocityX": 0,
        "angularVelocityY": 0,
        "angularVelocityZ": 0
    },
    "ade8c41a-4986-401b-b3c0-5b7e71395351": {
        "model": "Bob",
        "name:": "Pedestrian0",
        "obj_color": "Vector(-1, -1, -1)",
        "positionX": -469.413665771484,
        "positionY": 10.1278486251831,
        "positionZ": 199.704895019531,
        "rotationX": 0,
        "rotationY": 1.13655233383179,
        "rotationZ": 0,
        "velocityX": 0,
        "velocityY": 0,
        "velocityZ": 0,
        "angularVelocityX": 0,
        "angularVelocityY": 0,
        "angularVelocityZ": 0
    },
    "worldEffect": {
        "rain": 0,
        "fog": 0,
        "wetness": 0,
        "time": 12
    }
}