{
    "eb4adf45-a5b0-4a6c-b20e-02bf54b8f6f9": {
        "model": "Lincoln2017MKZ (Apollo 5.0)",
        "name:": "Ego0",
        "obj_color": "Vector(-1, -1, -1)",
        "positionX": -159.496032714844,
        "positionY": 10.123405456543,
        "positionZ": 193.73893737793,
        "rotationX": 0.0820683091878891,
        "rotationY": 89.7303314208984,
        "rotationZ": 0.00449242861941457,
        "velocityX": 9.0794734954834,
        "velocityY": 0.000747248530387878,
        "velocityZ": 0.0425491891801357,
        "angularVelocityX": -5.43814348930027e-05,
        "angularVelocityY": 0.00137544120661914,
        "angularVelocityZ": 0.00239729322493076
    },
    "cb41b6c5-3916-48c7-b9ba-f78b33c0a5cf": {
        "model": "Bob",
        "name:": "Pedestrian0",
        "obj_color": "Vector(-1, -1, -1)",
        "positionX": -443.585754394531,
        "positionY": 10.1278486251831,
        "positionZ": 202.742462158203,
        "rotationX": -5.38487874082727e-12,
        "rotationY": 42.2330551147461,
        "rotationZ": 4.90302763667128e-12,
        "velocityX": 0,
        "velocityY": 0,
        "velocityZ": 0,
        "angularVelocityX": 0,
        "angularVelocityY": 0,
        "angularVelocityZ": 0
    },
    "32f0e85d-6e4f-4ab4-8ced-91bb7d9b7b6b": {
        "model": "Bob",
        "name:": "Pedestrian0",
        "obj_color": "Vector(-1, -1, -1)",
        "positionX": -389.607635498047,
        "positionY": 10.1278486251831,
        "positionZ": 188.242156982422,
        "rotationX": 0,
        "rotationY": 268.207397460938,
        "rotationZ": 0,
        "velocityX": 0,
        "velocityY": 0,
        "velocityZ": 0,
        "angularVelocityX": 0,
        "angularVelocityY": 0,
        "angularVelocityZ": 0
    },
    "b310179e-60f6-41ea-ad66-da63f2a80199": {
        "model": "Bob",
        "name:": "Pedestrian0",
        "obj_color": "Vector(-1, -1, -1)",
        "positionX": -280.797576904297,
        "positionY": 10.3409690856934,
        "positionZ": 182.67253112793,
        "rotationX": 0,
        "rotationY": 213.215606689453,
        "rotationZ": 0,
        "velocityX": 0,
        "velocityY": 0,
        "velocityZ": 0,
        "angularVelocityX": 0,
        "angularVelocityY": 0,
        "angularVelocityZ": 0
    },
    "e78dcae7-a851-48f0-a7bd-17b92b97ca4f": {
        "model": "Bob",
        "name:": "Pedestrian0",
        "obj_color": "Vector(-1, -1, -1)",
        "positionX": -192.765869140625,
        "positionY": 10.1278486251831,
        "positionZ": 196.62141418457,
        "rotationX": 0,
        "rotationY": 174.178466796875,
        "rotationZ": 0,
        "velocityX": 0,
        "velocityY": 0,
        "velocityZ": 0,
        "angularVelocityX": 0,
        "angularVelocityY": 0,
        "angularVelocityZ": 0
    },
    "worldEffect": {
        "rain": 0,
        "fog": 0,
        "wetness": 0,
        "time": 12
    }
}