{
    "a755523f-0563-4573-9f41-8ef335f54fef": {
        "model": "Lincoln2017MKZ (Apollo 5.0)",
        "name:": "Ego0",
        "obj_color": "Vector(-1, -1, -1)",
        "positionX": -434.206665039063,
        "positionY": 10.1246557235718,
        "positionZ": 226.656143188477,
        "rotationX": 3.56195923814084e-05,
        "rotationY": 210.66438293457,
        "rotationZ": -5.60317357667373e-06,
        "velocityX": 1.89709297160334e-07,
        "velocityY": 4.24608588218689e-05,
        "velocityZ": -3.14925387101539e-07,
        "angularVelocityX": -2.31046305998461e-06,
        "angularVelocityY": -5.71387936965095e-11,
        "angularVelocityZ": -1.54247152295284e-06
    },
    "Sedan(Clone)7822a362-ae6b-4caf-b250-85350a9cee00": {
        "model": "Sedan",
        "name:": "NPC0",
        "obj_color": "Vector(1, 1, 0)",
        "positionX": -283.765380859375,
        "positionY": 10.1157369613647,
        "positionZ": 452.956146240234,
        "rotationX": -0.000602579850237817,
        "rotationY": 215.478408813477,
        "rotationZ": 1.33351306885743e-06,
        "velocityX": -6.28662109375,
        "velocityY": 9.5367431640625e-05,
        "velocityZ": -8.795166015625,
        "angularVelocityX": 7.21706271633593e-07,
        "angularVelocityY": -0.0470047928392887,
        "angularVelocityZ": -0.000196568027604371
    },
    "Sedan(Clone)a535f1b9-38d8-4f0d-ba1c-a5e192d5f479": {
        "model": "Sedan",
        "name:": "NPC1",
        "obj_color": "Vector(1, 1, 0)",
        "positionX": -374.465606689453,
        "positionY": 10.1157464981079,
        "positionZ": 305.562896728516,
        "rotationX": 0.00684264115989208,
        "rotationY": 214.251892089844,
        "rotationZ": -8.60214458953124e-06,
        "velocityX": -0.9918212890625,
        "velocityY": 0,
        "velocityZ": -1.458740234375,
        "angularVelocityX": 3.55163990661822e-07,
        "angularVelocityY": 0,
        "angularVelocityZ": 2.64335790234327e-06
    },
    "Sedan(Clone)dd2cebca-02fa-4ddc-9ea7-9a323cf921d9": {
        "model": "Sedan",
        "name:": "NPC2",
        "obj_color": "Vector(1, 1, 0)",
        "positionX": -298.041656494141,
        "positionY": 10.1157369613647,
        "positionZ": 415.857391357422,
        "rotationX": -0.00059911236166954,
        "rotationY": 222.238708496094,
        "rotationZ": -3.83439896722848e-07,
        "velocityX": -17.93212890625,
        "velocityY": 0.00104904174804688,
        "velocityZ": -19.8822021484375,
        "angularVelocityX": 0.00434155715629458,
        "angularVelocityY": -0.117472037672997,
        "angularVelocityZ": -0.00660463934764266
    },
    "Sedan(Clone)e5f38d9c-1577-4a9c-b489-3189a1b33da9": {
        "model": "Sedan",
        "name:": "NPC3",
        "obj_color": "Vector(1, 1, 0)",
        "positionX": -229.712493896484,
        "positionY": 10.2213478088379,
        "positionZ": 337.745056152344,
        "rotationX": 359.980987548828,
        "rotationY": 123.057304382324,
        "rotationZ": 350.631469726563,
        "velocityX": -10.5743408203125,
        "velocityY": -0.475978851318359,
        "velocityZ": 2.960205078125,
        "angularVelocityX": 0.383335411548615,
        "angularVelocityY": -0.169856414198875,
        "angularVelocityZ": 0.443363040685654
    },
    "SUV(Clone)5785b19e-5496-4529-807c-4afcdce78fc0": {
        "model": "SUV",
        "name:": "NPC4",
        "obj_color": "Vector(1, 1, 0)",
        "positionX": -337.703460693359,
        "positionY": 10.0936698913574,
        "positionZ": 370.287811279297,
        "rotationX": -0.000527299242094159,
        "rotationY": 214.830993652344,
        "rotationZ": 1.51142012327909e-05,
        "velocityX": 8652.5732421875,
        "velocityY": -0.0189781188964844,
        "velocityZ": 12384.8701171875,
        "angularVelocityX": -0.135694354772568,
        "angularVelocityY": 0.109802134335041,
        "angularVelocityZ": -0.000262321438640356
    },
    "Sedan(Clone)666c8325-4ca6-43de-a468-36ec2f0b9249": {
        "model": "Sedan",
        "name:": "NPC5",
        "obj_color": "Vector(1, 1, 0)",
        "positionX": -475.24365234375,
        "positionY": 10.3333110809326,
        "positionZ": 120.563621520996,
        "rotationX": 0.0696796998381615,
        "rotationY": 182.090408325195,
        "rotationZ": 359.975219726563,
        "velocityX": 1.03759765625,
        "velocityY": 0.00696182250976563,
        "velocityZ": -0.038909912109375,
        "angularVelocityX": 0.00613026367500424,
        "angularVelocityY": 0.647547602653503,
        "angularVelocityZ": -628.199401855469
    },
    "Sedan(Clone)9af21387-b418-4f5a-976e-62b4779b9b54": {
        "model": "Sedan",
        "name:": "NPC6",
        "obj_color": "Vector(1, 1, 0)",
        "positionX": -473.591430664063,
        "positionY": 11.7985057830811,
        "positionZ": 138.464263916016,
        "rotationX": 345.548583984375,
        "rotationY": 178.791137695313,
        "rotationZ": 103.634590148926,
        "velocityX": -9.8297119140625,
        "velocityY": 0.598526000976563,
        "velocityZ": 4.66766357421875,
        "angularVelocityX": -0.37604832649231,
        "angularVelocityY": -14.2619733810425,
        "angularVelocityZ": -6.97761535644531
    },
    "Sedan(Clone)d2e6905f-4151-4aa4-b7bb-8312c81643b6": {
        "model": "Sedan",
        "name:": "NPC7",
        "obj_color": "Vector(1, 1, 0)",
        "positionX": -424.248443603516,
        "positionY": 10.3353233337402,
        "positionZ": 173.706970214844,
        "rotationX": 359.854614257813,
        "rotationY": 182.344970703125,
        "rotationZ": 0.0039954511448741,
        "velocityX": 1.251220703125,
        "velocityY": -0.00019073486328125,
        "velocityZ": -0.048828125,
        "angularVelocityX": -0.000159789662575349,
        "angularVelocityY": 0.242534071207047,
        "angularVelocityZ": -0.0445777997374535
    },
    "Sedan(Clone)ea40b31c-fdf7-4dcb-9caa-bf0177bd39e4": {
        "model": "Sedan",
        "name:": "NPC8",
        "obj_color": "Vector(1, 1, 0)",
        "positionX": -389.803283691406,
        "positionY": 10.1715955734253,
        "positionZ": 200.451721191406,
        "rotationX": 2.12505078315735,
        "rotationY": 124.95824432373,
        "rotationZ": 358.229248046875,
        "velocityX": -5.975341796875,
        "velocityY": 0.9307861328125,
        "velocityZ": -19.4747924804688,
        "angularVelocityX": 1.20909512042999,
        "angularVelocityY": 7.64292621612549,
        "angularVelocityZ": 3.11003947257996
    },
    "Sedan(Clone)2c3baf6b-3a4a-4463-a0c5-24903ce93500": {
        "model": "Sedan",
        "name:": "NPC9",
        "obj_color": "Vector(1, 1, 0)",
        "positionX": -396.359222412109,
        "positionY": 10.3341541290283,
        "positionZ": 185.022811889648,
        "rotationX": 355.847961425781,
        "rotationY": 116.90860748291,
        "rotationZ": 4.57668733596802,
        "velocityX": 0,
        "velocityY": -9.5367431640625e-05,
        "velocityZ": 0.00152587890625,
        "angularVelocityX": -0.000106526444142219,
        "angularVelocityY": -2.66316110355547e-05,
        "angularVelocityZ": -0.00133158056996763
    },
    "Sedan(Clone)0e661076-718d-441c-a610-4bf43c52f073": {
        "model": "Sedan",
        "name:": "NPC10",
        "obj_color": "Vector(1, 1, 0)",
        "positionX": -378.199859619141,
        "positionY": 10.1157646179199,
        "positionZ": 191.655822753906,
        "rotationX": 0.0214634742587805,
        "rotationY": 91.142936706543,
        "rotationZ": -6.70595863994095e-06,
        "velocityX": 10.7635498046875,
        "velocityY": -9.5367431640625e-05,
        "velocityZ": -0.21514892578125,
        "angularVelocityX": -1.84490218089195e-05,