{
    "6203c8b2-ea3d-4507-aa10-4724a451b04c": {
        "model": "Lincoln2017MKZ (Apollo 5.0)",
        "name:": "Ego0",
        "obj_color": "Vector(-1, -1, -1)",
        "positionX": -238.323211669922,
        "positionY": 10.1246557235718,
        "positionZ": 461.510803222656,
        "rotationX": 3.59127116098534e-05,
        "rotationY": 303.118286132813,
        "rotationZ": -2.47913230850827e-05,
        "velocityX": 3.39050671982477e-08,
        "velocityY": -7.91251659393311e-06,
        "velocityZ": -9.79011272050911e-09,
        "angularVelocityX": -5.61224062778365e-08,
        "angularVelocityY": -4.51183188032722e-12,
        "angularVelocityZ": -2.41325011529625e-07
    },
    "38dc0f0c-239d-4f89-95fb-68ed887c835c": {
        "model": "Bob",
        "name:": "Pedestrian0",
        "obj_color": "Vector(-1, -1, -1)",
        "positionX": -46.3897399902344,
        "positionY": 10.1385250091553,
        "positionZ": 336.402893066406,
        "rotationX": 0,
        "rotationY": 37.0556602478027,
        "rotationZ": 0,
        "velocityX": 0,
        "velocityY": 0,
        "velocityZ": 0,
        "angularVelocityX": 0,
        "angularVelocityY": 0,
        "angularVelocityZ": 0
    },
    "BoxTruck(Clone)ff059fc3-281c-4d2a-8a9c-9e7a0aab2768": {
        "model": "BoxTruck",
        "name:": "NPC0",
        "obj_color": "Vector(1, 1, 0)",
        "positionX": -149.90608215332,
        "positionY": 9.9765739440918,
        "positionZ": 411.345825195313,
        "rotationX": 0.00640910724177957,
        "rotationY": 306.653411865234,
        "rotationZ": 0.0573723539710045,
        "velocityX": 0,
        "velocityY": 0.00019073486328125,
        "velocityZ": 0,
        "angularVelocityX": -5.83460496272892e-05,
        "angularVelocityY": 0,
        "angularVelocityZ": 0.000326908542774618
    },
    "c5311ced-53d3-4ce1-aa73-0115f5521256": {
        "model": "Bob",
        "name:": "Pedestrian0",
        "obj_color": "Vector(-1, -1, -1)",
        "positionX": -141.08576965332,
        "positionY": 10.1645174026489,
        "positionZ": 384.770599365234,
        "rotationX": 0,
        "rotationY": 159.942001342773,
        "rotationZ": 0,
        "velocityX": 0,
        "velocityY": 0,
        "velocityZ": 0,
        "angularVelocityX": 0,
        "angularVelocityY": 0,
        "angularVelocityZ": 0
    },
    "4ba5e5b5-4241-47c2-9b03-0ffa66fa069c": {
        "model": "Bob",
        "name:": "Pedestrian0",
        "obj_color": "Vector(-1, -1, -1)",
        "positionX": -163.520233154297,
        "positionY": 10.1437215805054,
        "positionZ": 422.576995849609,
        "rotationX": 0,
        "rotationY": 34.0493202209473,
        "rotationZ": 0,
        "velocityX": 0,
        "velocityY": 0,
        "velocityZ": 0,
        "angularVelocityX": 0,
        "angularVelocityY": 0,
        "angularVelocityZ": 0
    },
    "07759356-f8d8-4640-b844-42e2b0903486": {
        "model": "Bob",
        "name:": "Pedestrian0",
        "obj_color": "Vector(-1, -1, -1)",
        "positionX": -176.10334777832,
        "positionY": 10.1278476715088,
        "positionZ": 430.444030761719,
        "rotationX": 0,
        "rotationY": 32.5096321105957,
        "rotationZ": 0,
        "velocityX": 0,
        "velocityY": 0,
        "velocityZ": 0,
        "angularVelocityX": 0,
        "angularVelocityY": 0,
        "angularVelocityZ": 0
    },
    "baede677-8015-40de-b9e1-529da4bd18bf": {
        "model": "Bob",
        "name:": "Pedestrian0",
        "obj_color": "Vector(-1, -1, -1)",
        "positionX": -167.123306274414,
        "positionY": 10.1380748748779,
        "positionZ": 425.009643554688,
        "rotationX": 0,
        "rotationY": 34.0748062133789,
        "rotationZ": 0,
        "velocityX": 0,
        "velocityY": 0,
        "velocityZ": 0,
        "angularVelocityX": 0,
        "angularVelocityY": 0,
        "angularVelocityZ": 0
    },
    "775e742d-e41b-460a-bca7-da825de3f1fd": {
        "model": "Bob",
        "name:": "Pedestrian0",
        "obj_color": "Vector(-1, -1, -1)",
        "positionX": -188.298049926758,
        "positionY": 10.1278486251831,
        "positionZ": 437.855102539063,
        "rotationX": 0,
        "rotationY": 311.676300048828,
        "rotationZ": 0,
        "velocityX": 0,
        "velocityY": 0,
        "velocityZ": 0,
        "angularVelocityX": 0,
        "angularVelocityY": 0,
        "angularVelocityZ": 0
    },
    "187e3302-9717-4cae-bf0d-10b880dcef81": {
        "model": "Bob",
        "name:": "Pedestrian0",
        "obj_color": "Vector(-1, -1, -1)",
        "positionX": -237.512969970703,
        "positionY": 10.138090133667,
        "positionZ": 472.577575683594,
        "rotationX": 0,
        "rotationY": 34.0488662719727,
        "rotationZ": 0,
        "velocityX": 0,
        "velocityY": 0,
        "velocityZ": 0,
        "angularVelocityX": 0,
        "angularVelocityY": 0,
        "angularVelocityZ": 0
    },
    "15f57048-7c21-4cca-887b-b56c91500014": {
        "model": "Bob",
        "name:": "Pedestrian0",
        "obj_color": "Vector(-1, -1, -1)",
        "positionX": -264.947082519531,
        "positionY": 10.1278486251831,
        "positionZ": 471.784454345703,
        "rotationX": 0,
        "rotationY": 123.421325683594,
        "rotationZ": 0,
        "velocityX": 0,
        "velocityY": 0,
        "velocityZ": 0,
        "angularVelocityX": 0,
        "angularVelocityY": 0,
        "angularVelocityZ": 0
    },
    "d6a12173-e903-4a97-bd33-a8faf5485e82": {
        "model": "Bob",
        "name:": "Pedestrian0",
        "obj_color": "Vector(-1, -1, -1)",
        "positionX": -266.321472167969,
        "positionY": 10.127950668335,
        "positionZ": 480.019683837891,
        "rotationX": 0,
        "rotationY": 217.742034912109,
        "rotationZ": 0,
        "velocityX": 0,
        "velocityY": 0,
        "velocityZ": 0,
        "angularVelocityX": 0,
        "angularVelocityY": 0,
        "angularVelocityZ": 0
    },
    "17d5b74f-5102-4587-a07a-2f637096e0e0": {
        "model": "Bob",
        "name:": "Pedestrian0",
        "obj_color": "Vector(-1, -1, -1)",
        "positionX": -259.270294189453,
        "positionY": 10.1278486251831,
        "positionZ": 489.640380859375,
        "rotationX": 0,
        "rotationY": 216.811920166016,
        "rotationZ": 0,
        "velocityX": 0,
        "velocityY": 0,
        "velocityZ": 0,
        "angularVelocityX": 0,
        "angularVelocityY": 0,
        "angularVelocityZ": 0
    },
    "worldEffect": {
        "rain": 0,
        "fog": 0.200000002980232,
        "wetness": 0,
        "time": 12
    }
}