{
    "6203c8b2-ea3d-4507-aa10-4724a451b04c": {
        "model": "Lincoln2017MKZ (Apollo 5.0)",
        "name:": "Ego0",
        "obj_color": "Vector(-1, -1, -1)",
        "positionX": -238.323211669922,
        "positionY": 10.1246566772461,
        "positionZ": 461.510803222656,
        "rotationX": 4.25909020123072e-05,
        "rotationY": 303.117919921875,
        "rotationZ": 1.06726511148736e-05,
        "velocityX": 1.84597752195259e-07,
        "velocityY": 2.69040465354919e-05,
        "velocityZ": 7.3480816809024e-07,
        "angularVelocityX": 5.10982545165461e-06,
        "angularVelocityY": 1.03673753609757e-11,
        "angularVelocityZ": -1.30778198581538e-06
    },
    "38dc0f0c-239d-4f89-95fb-68ed887c835c": {
        "model": "Bob",
        "name:": "Pedestrian0",
        "obj_color": "Vector(-1, -1, -1)",
        "positionX": -46.3896293640137,
        "positionY": 10.1379337310791,
        "positionZ": 336.402557373047,
        "rotationX": 0,
        "rotationY": 37.0528793334961,
        "rotationZ": 0,
        "velocityX": 0,
        "velocityY": 0,
        "velocityZ": 0,
        "angularVelocityX": 0,
        "angularVelocityY": 0,
        "angularVelocityZ": 0
    },
    "BoxTruck(Clone)ff059fc3-281c-4d2a-8a9c-9e7a0aab2768": {
        "model": "BoxTruck",
        "name:": "NPC0",
        "obj_color": "Vector(1, 1, 0)",
        "positionX": -149.90608215332,
        "positionY": 9.9765739440918,
        "positionZ": 411.345825195313,
        "rotationX": 0.00640910724177957,
        "rotationY": 306.653411865234,
        "rotationZ": 0.0573723539710045,
        "velocityX": 0,
        "velocityY": 0.00019073486328125,
        "velocityZ": 0,
        "angularVelocityX": -5.83460496272892e-05,
        "angularVelocityY": 0,
        "angularVelocityZ": 0.000326908542774618
    },
    "c5311ced-53d3-4ce1-aa73-0115f5521256": {
        "model": "Bob",
        "name:": "Pedestrian0",
        "obj_color": "Vector(-1, -1, -1)",
        "positionX": -146.828002929688,
        "positionY": 10.1278486251831,
        "positionZ": 397.314605712891,
        "rotationX": 0,
        "rotationY": 150.922592163086,
        "rotationZ": 0,
        "velocityX": 0,
        "velocityY": 0,
        "velocityZ": 0,
        "angularVelocityX": 0,
        "angularVelocityY": 0,
        "angularVelocityZ": 0
    },
    "4ba5e5b5-4241-47c2-9b03-0ffa66fa069c": {
        "model": "Bob",
        "name:": "Pedestrian0",
        "obj_color": "Vector(-1, -1, -1)",
        "positionX": -163.521667480469,
        "positionY": 10.1363496780396,
        "positionZ": 422.574981689453,
        "rotationX": 0,
        "rotationY": 34.0500526428223,
        "rotationZ": 0,
        "velocityX": 0,
        "velocityY": 0,
        "velocityZ": 0,
        "angularVelocityX": 0,
        "angularVelocityY": 0,
        "angularVelocityZ": 0
    },
    "07759356-f8d8-4640-b844-42e2b0903486": {
        "model": "Bob",
        "name:": "Pedestrian0",
        "obj_color": "Vector(-1, -1, -1)",
        "positionX": -175.857223510742,
        "positionY": 10.1278486251831,
        "positionZ": 430.341430664063,
        "rotationX": 0,
        "rotationY": 185.134262084961,
        "rotationZ": 0,
        "velocityX": 0,
        "velocityY": 0,
        "velocityZ": 0,
        "angularVelocityX": 0,
        "angularVelocityY": 0,
        "angularVelocityZ": 0
    },
    "baede677-8015-40de-b9e1-529da4bd18bf": {
        "model": "Bob",
        "name:": "Pedestrian0",
        "obj_color": "Vector(-1, -1, -1)",
        "positionX": -167.147491455078,
        "positionY": 10.1395053863525,
        "positionZ": 425.026519775391,
        "rotationX": 0,
        "rotationY": 34.8452301025391,
        "rotationZ": 0,
        "velocityX": 0,
        "velocityY": 0,
        "velocityZ": 0,
        "angularVelocityX": 0,
        "angularVelocityY": 0,
        "angularVelocityZ": 0
    },
    "775e742d-e41b-460a-bca7-da825de3f1fd": {
        "model": "Bob",
        "name:": "Pedestrian0",
        "obj_color": "Vector(-1, -1, -1)",
        "positionX": -188.244827270508,
        "positionY": 10.1278495788574,
        "positionZ": 437.98193359375,
        "rotationX": 0,
        "rotationY": 47.4356536865234,
        "rotationZ": 0,
        "velocityX": 0,
        "velocityY": 0,
        "velocityZ": 0,
        "angularVelocityX": 0,
        "angularVelocityY": 0,
        "angularVelocityZ": 0
    },
    "187e3302-9717-4cae-bf0d-10b880dcef81": {
        "model": "Bob",
        "name:": "Pedestrian0",
        "obj_color": "Vector(-1, -1, -1)",
        "positionX": -237.530746459961,
        "positionY": 10.1395902633667,
        "positionZ": 472.590576171875,
        "rotationX": 0,
        "rotationY": 35.1919555664063,
        "rotationZ": 0,
        "velocityX": 0,
        "velocityY": 0,
        "velocityZ": 0,
        "angularVelocityX": 0,
        "angularVelocityY": 0,
        "angularVelocityZ": 0
    },
    "15f57048-7c21-4cca-887b-b56c91500014": {
        "model": "Bob",
        "name:": "Pedestrian0",
        "obj_color": "Vector(-1, -1, -1)",
        "positionX": -259.270294189453,
        "positionY": 10.1278486251831,
        "positionZ": 489.640380859375,
        "rotationX": 0,
        "rotationY": 216.811920166016,
        "rotationZ": 0,
        "velocityX": 0,
        "velocityY": 0,
        "velocityZ": 0,
        "angularVelocityX": 0,
        "angularVelocityY": 0,
        "angularVelocityZ": 0
    },
    "worldEffect": {
        "rain": 0,
        "fog": 0.200000002980232,
        "wetness": 0,
        "time": 12
    }
}