{
    "cd9b6350-e3b1-4da4-9331-ba9864ae4617": {
        "model": "Lincoln2017MKZ (Apollo 5.0)",
        "name:": "Ego0",
        "obj_color": "Vector(-1, -1, -1)",
        "positionX": -434.771484375,
        "positionY": 10.1246557235718,
        "positionZ": 225.81916809082,
        "rotationX": 4.24956742790528e-05,
        "rotationY": 210.135513305664,
        "rotationZ": -1.84790758339659e-06,
        "velocityX": -4.21936796612954e-09,
        "velocityY": 1.6435980796814e-05,
        "velocityZ": 2.20758007429822e-08,
        "angularVelocityX": 1.60176256258637e-07,
        "angularVelocityY": 5.82293935291744e-12,
        "angularVelocityZ": 4.27953423809413e-08
    },
    "ded00b08-0a8a-4b64-a531-10d9ccae9794": {
        "model": "Bob",
        "name:": "Pedestrian0",
        "obj_color": "Vector(-1, -1, -1)",
        "positionX": -249.37890625,
        "positionY": 10.1278486251831,
        "positionZ": 463.983428955078,
        "rotationX": 0,
        "rotationY": 27.1096744537354,
        "rotationZ": 0,
        "velocityX": 0,
        "velocityY": 0,
        "velocityZ": 0,
        "angularVelocityX": 0,
        "angularVelocityY": 0,
        "angularVelocityZ": 0
    },
    "Jeep(Clone)6415b6e5-8b58-4dee-ad29-5cd574c3810b": {
        "model": "Jeep",
        "name:": "NPC0",
        "obj_color": "Vector(1, 1, 0)",
        "positionX": -297.215179443359,
        "positionY": 10.0949144363403,
        "positionZ": 414.886291503906,
        "rotationX": 0.0247806385159492,
        "rotationY": 213.977798461914,
        "rotationZ": -0.000173074280610308,
        "velocityX": 4.4189453125,
        "velocityY": 7.71055221557617,
        "velocityZ": 18.017578125,
        "angularVelocityX": 5.40509843826294,
        "angularVelocityY": 4.90310573577881,
        "angularVelocityZ": 0.185609012842178
    },
    "5222d4b0-0dda-4f6b-987a-a348be015d39": {
        "model": "Bob",
        "name:": "Pedestrian0",
        "obj_color": "Vector(-1, -1, -1)",
        "positionX": -262.957000732422,
        "positionY": 10.1278486251831,
        "positionZ": 462.002746582031,
        "rotationX": 0,
        "rotationY": 328.219299316406,
        "rotationZ": 0,
        "velocityX": 0,
        "velocityY": 0,
        "velocityZ": 0,
        "angularVelocityX": 0,
        "angularVelocityY": 0,
        "angularVelocityZ": 0
    },
    "Sedan(Clone)01e1ace2-1b24-445a-b981-14e6b01b12fd": {
        "model": "Sedan",
        "name:": "NPC1",
        "obj_color": "Vector(1, 1, 0)",
        "positionX": -285.79443359375,
        "positionY": 10.114839553833,
        "positionZ": 437.363800048828,
        "rotationX": 0.0981143414974213,
        "rotationY": 252.324951171875,
        "rotationZ": 0.437626838684082,
        "velocityX": 0,
        "velocityY": 0,
        "velocityZ": 0,
        "angularVelocityX": 0.000106526444142219,
        "angularVelocityY": 7.98948312876746e-05,
        "angularVelocityZ": 0.000123431280371733
    },
    "def0daef-83fd-4a3f-9aa6-3726bb41ade7": {
        "model": "Bob",
        "name:": "Pedestrian0",
        "obj_color": "Vector(-1, -1, -1)",
        "positionX": -287.122100830078,
        "positionY": 10.1278486251831,
        "positionZ": 425.055633544922,
        "rotationX": 0,
        "rotationY": 44.3241424560547,
        "rotationZ": 0,
        "velocityX": 0,
        "velocityY": 0,
        "velocityZ": 0,
        "angularVelocityX": 0,
        "angularVelocityY": 0,
        "angularVelocityZ": 0
    },
    "c4b14f4c-ad62-40c3-8ede-08df6bed956e": {
        "model": "Bob",
        "name:": "Pedestrian0",
        "obj_color": "Vector(-1, -1, -1)",
        "positionX": -313.067016601563,
        "positionY": 10.1278486251831,
        "positionZ": 403.594848632813,
        "rotationX": 0,
        "rotationY": 50.9294090270996,
        "rotationZ": 0,
        "velocityX": 0,
        "velocityY": 0,
        "velocityZ": 0,
        "angularVelocityX": 0,
        "angularVelocityY": 0,
        "angularVelocityZ": 0
    },
    "Sedan(Clone)54630596-7c8e-4c7c-a1ea-c590ee2665c1": {
        "model": "Sedan",
        "name:": "NPC2",
        "obj_color": "Vector(1, 1, 0)",
        "positionX": -406.102691650391,
        "positionY": 10.3289041519165,
        "positionZ": 94.7700881958008,
        "rotationX": 0.0420160479843616,
        "rotationY": 171.709365844727,
        "rotationZ": 359.9873046875,
        "velocityX": -9.3109130859375,
        "velocityY": 0.104808807373047,
        "velocityZ": 0.6683349609375,
        "angularVelocityX": -0.137968331575394,
        "angularVelocityY": -0.0759533569216728,
        "angularVelocityZ": 0.425945967435837
    },
    "f75c170b-6783-45dc-811f-155f973e300e": {
        "model": "Bob",
        "name:": "Pedestrian0",
        "obj_color": "Vector(-1, -1, -1)",
        "positionX": -342.882293701172,
        "positionY": 10.1278486251831,
        "positionZ": 350.784790039063,
        "rotationX": 0,
        "rotationY": 305.492858886719,
        "rotationZ": 0,
        "velocityX": 0,
        "velocityY": 0,
        "velocityZ": 0,
        "angularVelocityX": 0,
        "angularVelocityY": 0,
        "angularVelocityZ": 0
    },
    "SchoolBus(Clone)cd585e0c-3ea7-4f3e-a4c9-2fe14153877c": {
        "model": "SchoolBus",
        "name:": "NPC3",
        "obj_color": "Vector(1, 1, 0)",
        "positionX": -364.256042480469,
        "positionY": 10.0731821060181,
        "positionZ": 329.025665283203,
        "rotationX": 359.668151855469,
        "rotationY": 223.862823486328,
        "rotationZ": -0.000152641281601973,
        "velocityX": 0,
        "velocityY": 0,
        "velocityZ": 0,
        "angularVelocityX": -5.32632220711093e-05,
        "angularVelocityY": 0,
        "angularVelocityZ": -6.03042235525209e-06
    },
    "SUV(Clone)656a8437-6783-49bc-aa97-a45faa522309": {
        "model": "SUV",
        "name:": "NPC4",
        "obj_color": "Vector(1, 1, 0)",
        "positionX": -429.093536376953,
        "positionY": 10.0937786102295,
        "positionZ": 226.485595703125,
        "rotationX": 0.0418114252388477,
        "rotationY": 212.174789428711,
        "rotationZ": 0.00259209494106472,
        "velocityX": -35.0738525390625,
        "velocityY": -0.225543975830078,
        "velocityZ": -10.4293823242188,
        "angularVelocityX": 0.0221574995666742,
        "angularVelocityY": 0.303866684436798,
        "angularVelocityZ": -0.325118690729141
    },
    "fca6d1f4-61aa-40fd-affe-6eb59dd98758": {
        "model": "Bob",
        "name:": "Pedestrian0",
        "obj_color": "Vector(-1, -1, -1)",
        "positionX": -364.241424560547,
        "positionY": 10.1278486251831,
        "positionZ": 320.254425048828,
        "rotationX": 0,
        "rotationY": 132.563659667969,
        "rotationZ": 0,
        "velocityX": 0,
        "velocityY": 0,
        "velocityZ": 0,
        "angularVelocityX": 0,
        "angularVelocityY": 0,
        "angularVelocityZ": 0
    },
    "Sedan(Clone)502e57c3-cb93-4957-8095-359d4fef628f": {
        "model": "Sedan",
        "name:": "NPC5",
        "obj_color": "Vector(1, 1, 0)",
        "positionX": -394.697174072266,
        "positionY": 10.1211137771606,
        "positionZ": 290.524169921875,
        "rotationX": 0.297217905521393,
        "rotationY": 282.119781494141,
        "rotationZ": 0.682535409927368,
        "velocityX": 0,
        "velocityY": -0.00019073486328125,
        "velocityZ": 0,
        "angularVelocityX": -0.00022371593513526,
        "angularVelocityY": 0,
        "angularVelocityZ": -0.000997541123069823
    },
    "7d513916-61ba-4c65-9980-92ba86fccb46": {
        "model": "Bob",
        "name:": "Pedestrian0",
        "obj_color": "Vector(-1, -1, -1)",