{
    "a755523f-0563-4573-9f41-8ef335f54fef": {
        "model": "Lincoln2017MKZ (Apollo 5.0)",
        "name:": "Ego0",
        "obj_color": "Vector(-1, -1, -1)",
        "positionX": -434.206665039063,
        "positionY": 10.1246557235718,
        "positionZ": 226.656143188477,
        "rotationX": 4.22472003265284e-05,
        "rotationY": 210.66438293457,
        "rotationZ": -1.68606075021671e-05,
        "velocityX": -2.12421262801854e-08,
        "velocityY": -1.53407454490662e-05,
        "velocityZ": -1.62287996374744e-08,
        "angularVelocityX": -1.05332524924506e-07,
        "angularVelocityY": -4.64831645397012e-12,
        "angularVelocityZ": 1.57654469035151e-07
    },
    "Sedan(Clone)7822a362-ae6b-4caf-b250-85350a9cee00": {
        "model": "Sedan",
        "name:": "NPC0",
        "obj_color": "Vector(1, 1, 0)",
        "positionX": -283.765380859375,
        "positionY": 10.1157369613647,
        "positionZ": 452.956146240234,
        "rotationX": -0.000602579850237817,
        "rotationY": 215.478408813477,
        "rotationZ": 1.33351306885743e-06,
        "velocityX": -6.28662109375,
        "velocityY": 9.5367431640625e-05,
        "velocityZ": -8.795166015625,
        "angularVelocityX": 7.21706271633593e-07,
        "angularVelocityY": -0.0470047928392887,
        "angularVelocityZ": -0.000196568027604371
    },
    "Sedan(Clone)a535f1b9-38d8-4f0d-ba1c-a5e192d5f479": {
        "model": "Sedan",
        "name:": "NPC1",
        "obj_color": "Vector(1, 1, 0)",
        "positionX": -376.041595458984,
        "positionY": 10.1157999038696,
        "positionZ": 303.307373046875,
        "rotationX": 0.00153922673780471,
        "rotationY": 213.712280273438,
        "rotationZ": 359.981353759766,
        "velocityX": 0,
        "velocityY": 0,
        "velocityZ": 0,
        "angularVelocityX": -1.9273945781606e-06,
        "angularVelocityY": 2.66316110355547e-05,
        "angularVelocityZ": -5.32632220711093e-05
    },
    "Sedan(Clone)dd2cebca-02fa-4ddc-9ea7-9a323cf921d9": {
        "model": "Sedan",
        "name:": "NPC2",
        "obj_color": "Vector(1, 1, 0)",
        "positionX": -298.041656494141,
        "positionY": 10.1157369613647,
        "positionZ": 415.857391357422,
        "rotationX": -0.00059911236166954,
        "rotationY": 222.238708496094,
        "rotationZ": -3.83439896722848e-07,
        "velocityX": -17.93212890625,
        "velocityY": 0.00104904174804688,
        "velocityZ": -19.8822021484375,
        "angularVelocityX": 0.00434155715629458,
        "angularVelocityY": -0.117472037672997,
        "angularVelocityZ": -0.00660463934764266
    },
    "Sedan(Clone)e5f38d9c-1577-4a9c-b489-3189a1b33da9": {
        "model": "Sedan",
        "name:": "NPC3",
        "obj_color": "Vector(1, 1, 0)",
        "positionX": -229.712493896484,
        "positionY": 10.2213478088379,
        "positionZ": 337.745056152344,
        "rotationX": 359.980987548828,
        "rotationY": 123.057304382324,
        "rotationZ": 350.631469726563,
        "velocityX": -10.5743408203125,
        "velocityY": -0.475978851318359,
        "velocityZ": 2.960205078125,
        "angularVelocityX": 0.383335411548615,
        "angularVelocityY": -0.169856414198875,
        "angularVelocityZ": 0.443363040685654
    },
    "SUV(Clone)5785b19e-5496-4529-807c-4afcdce78fc0": {
        "model": "SUV",
        "name:": "NPC4",
        "obj_color": "Vector(1, 1, 0)",
        "positionX": -337.703460693359,
        "positionY": 10.0936698913574,
        "positionZ": 370.287811279297,
        "rotationX": -0.000527299242094159,
        "rotationY": 214.830993652344,
        "rotationZ": 1.51142012327909e-05,
        "velocityX": 8652.5732421875,
        "velocityY": -0.0189781188964844,
        "velocityZ": 12384.8701171875,
        "angularVelocityX": -0.135694354772568,
        "angularVelocityY": 0.109802134335041,
        "angularVelocityZ": -0.000262321438640356
    },
    "Sedan(Clone)666c8325-4ca6-43de-a468-36ec2f0b9249": {
        "model": "Sedan",
        "name:": "NPC5",
        "obj_color": "Vector(1, 1, 0)",
        "positionX": -479.877044677734,
        "positionY": 10.3307247161865,
        "positionZ": 120.74275970459,
        "rotationX": 0.294130474328995,
        "rotationY": 182.059432983398,
        "rotationZ": 359.872253417969,
        "velocityX": 1.0711669921875,
        "velocityY": 0.00972747802734375,
        "velocityZ": -0.040435791015625,
        "angularVelocityX": 0.0069985999725759,
        "angularVelocityY": 0.644192039966583,
        "angularVelocityZ": 0.0938497930765152
    },
    "Sedan(Clone)9af21387-b418-4f5a-976e-62b4779b9b54": {
        "model": "Sedan",
        "name:": "NPC6",
        "obj_color": "Vector(1, 1, 0)",
        "positionX": -473.591430664063,
        "positionY": 11.7985057830811,
        "positionZ": 138.464263916016,
        "rotationX": 345.548583984375,
        "rotationY": 178.791137695313,
        "rotationZ": 103.634590148926,
        "velocityX": -9.8297119140625,
        "velocityY": 0.598526000976563,
        "velocityZ": 4.66766357421875,
        "angularVelocityX": -0.37604832649231,
        "angularVelocityY": -14.2619733810425,
        "angularVelocityZ": -6.97761535644531
    },
    "Sedan(Clone)d2e6905f-4151-4aa4-b7bb-8312c81643b6": {
        "model": "Sedan",
        "name:": "NPC7",
        "obj_color": "Vector(1, 1, 0)",
        "positionX": -416.590057373047,
        "positionY": 10.3318490982056,
        "positionZ": 173.380065917969,
        "rotationX": 0.391001135110855,
        "rotationY": 185.218811035156,
        "rotationZ": 0.787167370319366,
        "velocityX": 0.7415771484375,
        "velocityY": -0.006866455078125,
        "velocityZ": -0.09918212890625,
        "angularVelocityX": -0.00838698074221611,
        "angularVelocityY": 0.155874818563461,
        "angularVelocityZ": -0.123209483921528
    },
    "Sedan(Clone)ea40b31c-fdf7-4dcb-9caa-bf0177bd39e4": {
        "model": "Sedan",
        "name:": "NPC8",
        "obj_color": "Vector(1, 1, 0)",
        "positionX": -389.803283691406,
        "positionY": 10.1715955734253,
        "positionZ": 200.451721191406,
        "rotationX": 2.12505149841309,
        "rotationY": 124.95824432373,
        "rotationZ": 358.229248046875,
        "velocityX": -5.975341796875,
        "velocityY": 0.9307861328125,
        "velocityZ": -19.4747924804688,
        "angularVelocityX": 1.20909512042999,
        "angularVelocityY": 7.64292621612549,
        "angularVelocityZ": 3.11003947257996
    },
    "Sedan(Clone)2c3baf6b-3a4a-4463-a0c5-24903ce93500": {
        "model": "Sedan",
        "name:": "NPC9",
        "obj_color": "Vector(1, 1, 0)",
        "positionX": -396.359222412109,
        "positionY": 10.3341541290283,
        "positionZ": 185.022811889648,
        "rotationX": 355.847961425781,
        "rotationY": 116.90860748291,
        "rotationZ": 4.57668590545654,
        "velocityX": 0,
        "velocityY": -9.5367431640625e-05,
        "velocityZ": 0.00152587890625,
        "angularVelocityX": -0.000106526444142219,
        "angularVelocityY": -2.66316110355547e-05,
        "angularVelocityZ": -0.00133158056996763
    },
    "Sedan(Clone)0e661076-718d-441c-a610-4bf43c52f073": {
        "model": "Sedan",
        "name:": "NPC10",
        "obj_color": "Vector(1, 1, 0)",
        "positionX": -378.199859619141,
        "positionY": 10.1157646179199,
        "positionZ": 191.655822753906,
        "rotationX": 0.0214634872972965,
        "rotationY": 91.142936706543,
        "rotationZ": -6.70512372380472e-06,
        "velocityX": 15.6341552734375,
        "velocityY": 9.5367431640625e-05,
        "velocityZ": -0.31280517578125,
        "angularVelocityX": -1.64041885000188e-05,