{
    "05a15be0-bd42-4531-9e9d-1eff0b6a8a11": {
        "model": "Lincoln2017MKZ (Apollo 5.0)",
        "name:": "Ego0",
        "obj_color": "Vector(-1, -1, -1)",
        "positionX": -434.006011962891,
        "positionY": 10.1246576309204,
        "positionZ": 226.843338012695,
        "rotationX": 4.31037224188913e-05,
        "rotationY": 210.638168334961,
        "rotationZ": -2.16269781958545e-05,
        "velocityX": 1.98953955532488e-08,
        "velocityY": -4.69908118247986e-05,
        "velocityZ": 4.69529837232585e-08,
        "angularVelocityX": 3.26645647419355e-07,
        "angularVelocityY": 3.60639990093503e-12,
        "angularVelocityZ": -1.32524945684054e-07
    },
    "bd4fd13e-b5e8-4617-b63c-9ce8ef3ece64": {
        "model": "Bob",
        "name:": "Pedestrian0",
        "obj_color": "Vector(-1, -1, -1)",
        "positionX": -243.070953369141,
        "positionY": 10.1278486251831,
        "positionZ": 471.732543945313,
        "rotationX": 0,
        "rotationY": 2.65981507301331,
        "rotationZ": 0,
        "velocityX": 0,
        "velocityY": 0,
        "velocityZ": 0,
        "angularVelocityX": 0,
        "angularVelocityY": 0,
        "angularVelocityZ": 0
    },
    "1190aff8-b0b7-4b8d-9f5d-cbc958cdb80a": {
        "model": "Bob",
        "name:": "Pedestrian0",
        "obj_color": "Vector(-1, -1, -1)",
        "positionX": -306.99609375,
        "positionY": 10.1278486251831,
        "positionZ": 407.727294921875,
        "rotationX": 0,
        "rotationY": 200.500457763672,
        "rotationZ": 0,
        "velocityX": 0,
        "velocityY": 0,
        "velocityZ": 0,
        "angularVelocityX": 0,
        "angularVelocityY": 0,
        "angularVelocityZ": 0
    },
    "d83c65d1-ba74-4c13-accc-ba6d3162ff1e": {
        "model": "Bob",
        "name:": "Pedestrian0",
        "obj_color": "Vector(-1, -1, -1)",
        "positionX": -329.054321289063,
        "positionY": 10.1278486251831,
        "positionZ": 367.359741210938,
        "rotationX": 0,
        "rotationY": 44.3044738769531,
        "rotationZ": 0,
        "velocityX": 0,
        "velocityY": 0,
        "velocityZ": 0,
        "angularVelocityX": 0,
        "angularVelocityY": 0,
        "angularVelocityZ": 0
    },
    "e400be05-ddbc-4077-a170-2cdd01717a37": {
        "model": "Bob",
        "name:": "Pedestrian0",
        "obj_color": "Vector(-1, -1, -1)",
        "positionX": -400.558532714844,
        "positionY": 10.1278486251831,
        "positionZ": 279.626373291016,
        "rotationX": 0,
        "rotationY": 10.4679584503174,
        "rotationZ": 0,
        "velocityX": 0,
        "velocityY": 0,
        "velocityZ": 0,
        "angularVelocityX": 0,
        "angularVelocityY": 0,
        "angularVelocityZ": 0
    },
    "b7580ef3-6a8a-4e9d-b483-5f968941ed4f": {
        "model": "Bob",
        "name:": "Pedestrian0",
        "obj_color": "Vector(-1, -1, -1)",
        "positionX": -427.955108642578,
        "positionY": 10.1278486251831,
        "positionZ": 226.294387817383,
        "rotationX": 0,
        "rotationY": 70.5249176025391,
        "rotationZ": 0,
        "velocityX": 0,
        "velocityY": 0,
        "velocityZ": 0,
        "angularVelocityX": 0,
        "angularVelocityY": 0,
        "angularVelocityZ": 0
    },
    "worldEffect": {
        "rain": 0,
        "fog": 0,
        "wetness": 0,
        "time": 12
    }
}