{
    "eb4adf45-a5b0-4a6c-b20e-02bf54b8f6f9": {
        "model": "Lincoln2017MKZ (Apollo 5.0)",
        "name:": "Ego0",
        "obj_color": "Vector(-1, -1, -1)",
        "positionX": -140.19465637207,
        "positionY": 10.1246547698975,
        "positionZ": 193.79020690918,
        "rotationX": 4.29820138379e-05,
        "rotationY": 89.946907043457,
        "rotationZ": -2.58487780229189e-05,
        "velocityX": 6.96085962204052e-08,
        "velocityY": 3.77669930458069e-05,
        "velocityZ": 4.0404017909168e-08,
        "angularVelocityX": 3.23781051747574e-07,
        "angularVelocityY": -2.11107520353693e-12,
        "angularVelocityZ": -4.80050232454232e-07
    },
    "cb41b6c5-3916-48c7-b9ba-f78b33c0a5cf": {
        "model": "Bob",
        "name:": "Pedestrian0",
        "obj_color": "Vector(-1, -1, -1)",
        "positionX": -436.871124267578,
        "positionY": 10.1278486251831,
        "positionZ": 210.142974853516,
        "rotationX": 1.54027179385902e-21,
        "rotationY": 42.2926826477051,
        "rotationZ": 1.69517317754049e-21,
        "velocityX": 0,
        "velocityY": 0,
        "velocityZ": 0,
        "angularVelocityX": 0,
        "angularVelocityY": 0,
        "angularVelocityZ": 0
    },
    "32f0e85d-6e4f-4ab4-8ced-91bb7d9b7b6b": {
        "model": "Bob",
        "name:": "Pedestrian0",
        "obj_color": "Vector(-1, -1, -1)",
        "positionX": -399.617401123047,
        "positionY": 10.1278486251831,
        "positionZ": 187.928894042969,
        "rotationX": 0,
        "rotationY": 268.207550048828,
        "rotationZ": 0,
        "velocityX": 0,
        "velocityY": 0,
        "velocityZ": 0,
        "angularVelocityX": 0,
        "angularVelocityY": 0,
        "angularVelocityZ": 0
    },
    "b310179e-60f6-41ea-ad66-da63f2a80199": {
        "model": "Bob",
        "name:": "Pedestrian0",
        "obj_color": "Vector(-1, -1, -1)",
        "positionX": -290.733642578125,
        "positionY": 10.1278486251831,
        "positionZ": 183.409057617188,
        "rotationX": 0,
        "rotationY": 274.858032226563,
        "rotationZ": 0,
        "velocityX": 0,
        "velocityY": 0,
        "velocityZ": 0,
        "angularVelocityX": 0,
        "angularVelocityY": 0,
        "angularVelocityZ": 0
    },
    "e78dcae7-a851-48f0-a7bd-17b92b97ca4f": {
        "model": "Bob",
        "name:": "Pedestrian0",
        "obj_color": "Vector(-1, -1, -1)",
        "positionX": -192.745635986328,
        "positionY": 10.1278486251831,
        "positionZ": 196.422439575195,
        "rotationX": 0,
        "rotationY": 174.17301940918,
        "rotationZ": 0,
        "velocityX": 0,
        "velocityY": 0,
        "velocityZ": 0,
        "angularVelocityX": 0,
        "angularVelocityY": 0,
        "angularVelocityZ": 0
    },
    "b5901f92-34c4-499a-9a16-0e1b773a0f62": {
        "model": "Bob",
        "name:": "Pedestrian0",
        "obj_color": "Vector(-1, -1, -1)",
        "positionX": -107.926696777344,
        "positionY": 10.1351327896118,
        "positionZ": 186.698028564453,
        "rotationX": 0,
        "rotationY": 198.455581665039,
        "rotationZ": 0,
        "velocityX": 0,
        "velocityY": 0,
        "velocityZ": 0,
        "angularVelocityX": 0,
        "angularVelocityY": 0,
        "angularVelocityZ": 0
    },
    "worldEffect": {
        "rain": 0,
        "fog": 0,
        "wetness": 0,
        "time": 12
    }
}