{
    "05a15be0-bd42-4531-9e9d-1eff0b6a8a11": {
        "model": "Lincoln2017MKZ (Apollo 5.0)",
        "name:": "Ego0",
        "obj_color": "Vector(-1, -1, -1)",
        "positionX": -434.006011962891,
        "positionY": 10.1246557235718,
        "positionZ": 226.843338012695,
        "rotationX": 4.74263069918379e-05,
        "rotationY": 210.638000488281,
        "rotationZ": -1.80175320565468e-05,
        "velocityX": 3.72089417055577e-08,
        "velocityY": 2.64346599578857e-05,
        "velocityZ": 2.69393995999678e-09,
        "angularVelocityX": 1.90285032175552e-09,
        "angularVelocityY": 1.45716771982052e-12,
        "angularVelocityZ": -2.84799682503945e-07
    },
    "bd4fd13e-b5e8-4617-b63c-9ce8ef3ece64": {
        "model": "Bob",
        "name:": "Pedestrian0",
        "obj_color": "Vector(-1, -1, -1)",
        "positionX": -243.080718994141,
        "positionY": 10.1278476715088,
        "positionZ": 471.569946289063,
        "rotationX": 0,
        "rotationY": 68.6432266235352,
        "rotationZ": 0,
        "velocityX": 0,
        "velocityY": 0,
        "velocityZ": 0,
        "angularVelocityX": 0,
        "angularVelocityY": 0,
        "angularVelocityZ": 0
    },
    "1190aff8-b0b7-4b8d-9f5d-cbc958cdb80a": {
        "model": "Bob",
        "name:": "Pedestrian0",
        "obj_color": "Vector(-1, -1, -1)",
        "positionX": -306.751281738281,
        "positionY": 10.1278486251831,
        "positionZ": 407.765014648438,
        "rotationX": 0,
        "rotationY": 314.851989746094,
        "rotationZ": 0,
        "velocityX": 0,
        "velocityY": 0,
        "velocityZ": 0,
        "angularVelocityX": 0,
        "angularVelocityY": 0,
        "angularVelocityZ": 0
    },
    "d83c65d1-ba74-4c13-accc-ba6d3162ff1e": {
        "model": "Bob",
        "name:": "Pedestrian0",
        "obj_color": "Vector(-1, -1, -1)",
        "positionX": -323.048797607422,
        "positionY": 10.1298532485962,
        "positionZ": 374.801391601563,
        "rotationX": 0,
        "rotationY": 107.007629394531,
        "rotationZ": 0,
        "velocityX": 0,
        "velocityY": 0,
        "velocityZ": 0,
        "angularVelocityX": 0,
        "angularVelocityY": 0,
        "angularVelocityZ": 0
    },
    "e400be05-ddbc-4077-a170-2cdd01717a37": {
        "model": "Bob",
        "name:": "Pedestrian0",
        "obj_color": "Vector(-1, -1, -1)",
        "positionX": -400.568481445313,
        "positionY": 10.1278486251831,
        "positionZ": 279.560333251953,
        "rotationX": 0,
        "rotationY": 83.1175765991211,
        "rotationZ": 0,
        "velocityX": 0,
        "velocityY": 0,
        "velocityZ": 0,
        "angularVelocityX": 0,
        "angularVelocityY": 0,
        "angularVelocityZ": 0
    },
    "b7580ef3-6a8a-4e9d-b483-5f968941ed4f": {
        "model": "Bob",
        "name:": "Pedestrian0",
        "obj_color": "Vector(-1, -1, -1)",
        "positionX": -412.003112792969,
        "positionY": 10.1280174255371,
        "positionZ": 251.436538696289,
        "rotationX": 0,
        "rotationY": 33.9024887084961,
        "rotationZ": 0,
        "velocityX": 0,
        "velocityY": 0,
        "velocityZ": 0,
        "angularVelocityX": 0,
        "angularVelocityY": 0,
        "angularVelocityZ": 0
    },
    "59508bcb-2886-4ac5-966b-e24bc9c00abb": {
        "model": "Bob",
        "name:": "Pedestrian0",
        "obj_color": "Vector(-1, -1, -1)",
        "positionX": -458.408386230469,
        "positionY": 10.1348190307617,
        "positionZ": 204.089630126953,
        "rotationX": 2.06027279655088e-14,
        "rotationY": 29.8237857818604,
        "rotationZ": 5.58329288835244e-14,
        "velocityX": 0,
        "velocityY": 0,
        "velocityZ": 0,
        "angularVelocityX": 0,
        "angularVelocityY": 0,
        "angularVelocityZ": 0
    },
    "ade8c41a-4986-401b-b3c0-5b7e71395351": {
        "model": "Bob",
        "name:": "Pedestrian0",
        "obj_color": "Vector(-1, -1, -1)",
        "positionX": -465.167572021484,
        "positionY": 10.1380777359009,
        "positionZ": 203.540252685547,
        "rotationX": 0,
        "rotationY": 0.067632682621479,
        "rotationZ": 0,
        "velocityX": 0,
        "velocityY": 0,
        "velocityZ": 0,
        "angularVelocityX": 0,
        "angularVelocityY": 0,
        "angularVelocityZ": 0
    },
    "b0443844-511e-4043-a369-911cd50e27c5": {
        "model": "Bob",
        "name:": "Pedestrian0",
        "obj_color": "Vector(-1, -1, -1)",
        "positionX": -469.413665771484,
        "positionY": 10.1278486251831,
        "positionZ": 199.704895019531,
        "rotationX": 0,
        "rotationY": 1.13655233383179,
        "rotationZ": 0,
        "velocityX": 0,
        "velocityY": 0,
        "velocityZ": 0,
        "angularVelocityX": 0,
        "angularVelocityY": 0,
        "angularVelocityZ": 0
    },
    "worldEffect": {
        "rain": 0,
        "fog": 0,
        "wetness": 0,
        "time": 12
    }
}