{
    "05a15be0-bd42-4531-9e9d-1eff0b6a8a11": {
        "model": "Lincoln2017MKZ (Apollo 5.0)",
        "name:": "Ego0",
        "obj_color": "Vector(-1, -1, -1)",
        "positionX": -434.006011962891,
        "positionY": 10.1246557235718,
        "positionZ": 226.843338012695,
        "rotationX": 3.3890304621309e-05,
        "rotationY": 210.638000488281,
        "rotationZ": -3.00035899272189e-05,
        "velocityX": -3.88588041744242e-08,
        "velocityY": 1.34557485580444e-05,
        "velocityZ": -6.13026287510365e-08,
        "angularVelocityX": -4.16755341348107e-07,
        "angularVelocityY": -1.64073303554613e-11,
        "angularVelocityZ": 2.78134706377386e-07
    },
    "bd4fd13e-b5e8-4617-b63c-9ce8ef3ece64": {
        "model": "Bob",
        "name:": "Pedestrian0",
        "obj_color": "Vector(-1, -1, -1)",
        "positionX": -243.209259033203,
        "positionY": 10.1278486251831,
        "positionZ": 471.814392089844,
        "rotationX": 0,
        "rotationY": 235.769592285156,
        "rotationZ": 0,
        "velocityX": 0,
        "velocityY": 0,
        "velocityZ": 0,
        "angularVelocityX": 0,
        "angularVelocityY": 0,
        "angularVelocityZ": 0
    },
    "1190aff8-b0b7-4b8d-9f5d-cbc958cdb80a": {
        "model": "Bob",
        "name:": "Pedestrian0",
        "obj_color": "Vector(-1, -1, -1)",
        "positionX": -306.948608398438,
        "positionY": 10.1278486251831,
        "positionZ": 407.568603515625,
        "rotationX": 0,
        "rotationY": 120.504615783691,
        "rotationZ": 0,
        "velocityX": 0,
        "velocityY": 0,
        "velocityZ": 0,
        "angularVelocityX": 0,
        "angularVelocityY": 0,
        "angularVelocityZ": 0
    },
    "d83c65d1-ba74-4c13-accc-ba6d3162ff1e": {
        "model": "Bob",
        "name:": "Pedestrian0",
        "obj_color": "Vector(-1, -1, -1)",
        "positionX": -323.401672363281,
        "positionY": 10.1305675506592,
        "positionZ": 374.319427490234,
        "rotationX": 0,
        "rotationY": 79.5514907836914,
        "rotationZ": 0,
        "velocityX": 0,
        "velocityY": 0,
        "velocityZ": 0,
        "angularVelocityX": 0,
        "angularVelocityY": 0,
        "angularVelocityZ": 0
    },
    "e400be05-ddbc-4077-a170-2cdd01717a37": {
        "model": "Bob",
        "name:": "Pedestrian0",
        "obj_color": "Vector(-1, -1, -1)",
        "positionX": -400.599426269531,
        "positionY": 10.1278486251831,
        "positionZ": 279.796051025391,
        "rotationX": 0,
        "rotationY": 276.175537109375,
        "rotationZ": 0,
        "velocityX": 0,
        "velocityY": 0,
        "velocityZ": 0,
        "angularVelocityX": 0,
        "angularVelocityY": 0,
        "angularVelocityZ": 0
    },
    "b7580ef3-6a8a-4e9d-b483-5f968941ed4f": {
        "model": "Bob",
        "name:": "Pedestrian0",
        "obj_color": "Vector(-1, -1, -1)",
        "positionX": -422.475708007813,
        "positionY": 10.1278486251831,
        "positionZ": 234.657333374023,
        "rotationX": 0,
        "rotationY": 32.80712890625,
        "rotationZ": 0,
        "velocityX": 0,
        "velocityY": 0,
        "velocityZ": 0,
        "angularVelocityX": 0,
        "angularVelocityY": 0,
        "angularVelocityZ": 0
    },
    "59508bcb-2886-4ac5-966b-e24bc9c00abb": {
        "model": "Bob",
        "name:": "Pedestrian0",
        "obj_color": "Vector(-1, -1, -1)",
        "positionX": -469.413635253906,
        "positionY": 10.1278486251831,
        "positionZ": 199.704879760742,
        "rotationX": 0,
        "rotationY": 1.13689017295837,
        "rotationZ": 0,
        "velocityX": 0,
        "velocityY": 0,
        "velocityZ": 0,
        "angularVelocityX": 0,
        "angularVelocityY": 0,
        "angularVelocityZ": 0
    },
    "worldEffect": {
        "rain": 0,
        "fog": 0,
        "wetness": 0,
        "time": 12
    }
}