{
    "6203c8b2-ea3d-4507-aa10-4724a451b04c": {
        "model": "Lincoln2017MKZ (Apollo 5.0)",
        "name:": "Ego0",
        "obj_color": "Vector(-1, -1, -1)",
        "positionX": -238.323211669922,
        "positionY": 10.1246557235718,
        "positionZ": 461.510803222656,
        "rotationX": 4.12498120567761e-05,
        "rotationY": 303.118255615234,
        "rotationZ": -2.25844687520294e-05,
        "velocityX": -1.07058220066847e-08,
        "velocityY": -1.70767307281494e-05,
        "velocityZ": -2.56983345714445e-09,
        "angularVelocityX": -2.23639080587645e-08,
        "angularVelocityY": -1.28249841302441e-12,
        "angularVelocityZ": 7.68794095051817e-08
    },
    "38dc0f0c-239d-4f89-95fb-68ed887c835c": {
        "model": "Bob",
        "name:": "Pedestrian0",
        "obj_color": "Vector(-1, -1, -1)",
        "positionX": -46.3893585205078,
        "positionY": 10.1405458450317,
        "positionZ": 336.403411865234,
        "rotationX": 0,
        "rotationY": 37.0555381774902,
        "rotationZ": 0,
        "velocityX": 0,
        "velocityY": 0,
        "velocityZ": 0,
        "angularVelocityX": 0,
        "angularVelocityY": 0,
        "angularVelocityZ": 0
    },
    "BoxTruck(Clone)ff059fc3-281c-4d2a-8a9c-9e7a0aab2768": {
        "model": "BoxTruck",
        "name:": "NPC0",
        "obj_color": "Vector(1, 1, 0)",
        "positionX": -149.90608215332,
        "positionY": 9.9765739440918,
        "positionZ": 411.345825195313,
        "rotationX": 0.00640910724177957,
        "rotationY": 306.653411865234,
        "rotationZ": 0.0573723539710045,
        "velocityX": 0,
        "velocityY": 0.00019073486328125,
        "velocityZ": 0,
        "angularVelocityX": -5.83460496272892e-05,
        "angularVelocityY": 0,
        "angularVelocityZ": 0.000326908542774618
    },
    "c5311ced-53d3-4ce1-aa73-0115f5521256": {
        "model": "Bob",
        "name:": "Pedestrian0",
        "obj_color": "Vector(-1, -1, -1)",
        "positionX": -141.06591796875,
        "positionY": 10.1655540466309,
        "positionZ": 384.777496337891,
        "rotationX": 0,
        "rotationY": 160.161987304688,
        "rotationZ": 0,
        "velocityX": 0,
        "velocityY": 0,
        "velocityZ": 0,
        "angularVelocityX": 0,
        "angularVelocityY": 0,
        "angularVelocityZ": 0
    },
    "4ba5e5b5-4241-47c2-9b03-0ffa66fa069c": {
        "model": "Bob",
        "name:": "Pedestrian0",
        "obj_color": "Vector(-1, -1, -1)",
        "positionX": -163.518402099609,
        "positionY": 10.1514711380005,
        "positionZ": 422.579772949219,
        "rotationX": 0,
        "rotationY": 34.0496215820313,
        "rotationZ": 0,
        "velocityX": 0,
        "velocityY": 0,
        "velocityZ": 0,
        "angularVelocityX": 0,
        "angularVelocityY": 0,
        "angularVelocityZ": 0
    },
    "07759356-f8d8-4640-b844-42e2b0903486": {
        "model": "Bob",
        "name:": "Pedestrian0",
        "obj_color": "Vector(-1, -1, -1)",
        "positionX": -176.112319946289,
        "positionY": 10.1278486251831,
        "positionZ": 430.32763671875,
        "rotationX": 0,
        "rotationY": 344.748229980469,
        "rotationZ": 0,
        "velocityX": 0,
        "velocityY": 0,
        "velocityZ": 0,
        "angularVelocityX": 0,
        "angularVelocityY": 0,
        "angularVelocityZ": 0
    },
    "baede677-8015-40de-b9e1-529da4bd18bf": {
        "model": "Bob",
        "name:": "Pedestrian0",
        "obj_color": "Vector(-1, -1, -1)",
        "positionX": -167.123306274414,
        "positionY": 10.1380758285522,
        "positionZ": 425.009643554688,
        "rotationX": 1.75613818941907e-17,
        "rotationY": 34.0748138427734,
        "rotationZ": -5.28018687038617e-16,
        "velocityX": 0,
        "velocityY": 0,
        "velocityZ": 0,
        "angularVelocityX": 0,
        "angularVelocityY": 0,
        "angularVelocityZ": 0
    },
    "775e742d-e41b-460a-bca7-da825de3f1fd": {
        "model": "Bob",
        "name:": "Pedestrian0",
        "obj_color": "Vector(-1, -1, -1)",
        "positionX": -188.18473815918,
        "positionY": 10.1278486251831,
        "positionZ": 437.829345703125,
        "rotationX": 0,
        "rotationY": 261.324768066406,
        "rotationZ": 0,
        "velocityX": 0,
        "velocityY": 0,
        "velocityZ": 0,
        "angularVelocityX": 0,
        "angularVelocityY": 0,
        "angularVelocityZ": 0
    },
    "187e3302-9717-4cae-bf0d-10b880dcef81": {
        "model": "Bob",
        "name:": "Pedestrian0",
        "obj_color": "Vector(-1, -1, -1)",
        "positionX": -237.512969970703,
        "positionY": 10.138090133667,
        "positionZ": 472.577575683594,
        "rotationX": 0,
        "rotationY": 34.0488662719727,
        "rotationZ": 0,
        "velocityX": 0,
        "velocityY": 0,
        "velocityZ": 0,
        "angularVelocityX": 0,
        "angularVelocityY": 0,
        "angularVelocityZ": 0
    },
    "15f57048-7c21-4cca-887b-b56c91500014": {
        "model": "Bob",
        "name:": "Pedestrian0",
        "obj_color": "Vector(-1, -1, -1)",
        "positionX": -269.819030761719,
        "positionY": 10.1303291320801,
        "positionZ": 475.165985107422,
        "rotationX": 0,
        "rotationY": 224.798446655273,
        "rotationZ": 0,
        "velocityX": 0,
        "velocityY": 0,
        "velocityZ": 0,
        "angularVelocityX": 0,
        "angularVelocityY": 0,
        "angularVelocityZ": 0
    },
    "d6a12173-e903-4a97-bd33-a8faf5485e82": {
        "model": "Bob",
        "name:": "Pedestrian0",
        "obj_color": "Vector(-1, -1, -1)",
        "positionX": -262.859161376953,
        "positionY": 10.1278486251831,
        "positionZ": 484.824829101563,
        "rotationX": 0,
        "rotationY": 216.751266479492,
        "rotationZ": 0,
        "velocityX": 0,
        "velocityY": 0,
        "velocityZ": 0,
        "angularVelocityX": 0,
        "angularVelocityY": 0,
        "angularVelocityZ": 0
    },
    "worldEffect": {
        "rain": 0,
        "fog": 0.200000002980232,
        "wetness": 0,
        "time": 12
    }
}